n_features,cluster,method,split,percent_rmse,rmse,mae,r2
20,0,NNLS,test,16.662392380364395,34.17950528393152,28.052033560599938,0.47098600000756496
20,0,NNLS,train,20.26641291162914,40.4865046259006,31.737231852924744,0.2958561895553854
20,0,LINEAR,test,15.886298223067808,32.587506143315494,30.31861114501953,0.5191186666488647
20,0,LINEAR,train,17.443234184969047,34.84659986944117,29.2424373626709,0.47837114334106445
20,0,XGB,test,16.070392422465215,32.96513790935528,30.685237884521484,0.5079089999198914
20,0,XGB,train,0.22999014647887805,0.4594546242559575,0.3673246502876282,0.9999093413352966
20,0,MLP,test,54.153862729870106,111.08562294464572,90.87496948242188,-4.587934970855713
20,0,MLP,train,54.845951617612045,109.56654655961371,85.39530181884766,-4.1569952964782715
20,1,NNLS,test,18.975961086363085,23.53736535298492,17.595953458757627,0.9491160919280334
20,1,NNLS,train,23.581042131319034,38.26315538506196,29.520770333552015,0.7454079861342184
20,1,LINEAR,test,21.741900843142503,26.96817627757356,21.16002655029297,0.9332013130187988
20,1,LINEAR,train,19.743057152928852,32.03555039729788,24.278629302978516,0.8215372562408447
20,1,XGB,test,20.792866529795525,25.79101495941404,17.67353630065918,0.9389055371284485
20,1,XGB,train,3.7081572991189757,6.0169435319398445,4.811263561248779,0.9937044382095337
20,1,MLP,test,46.548615644962155,57.737880475445884,41.05022430419922,0.6938132047653198
20,1,MLP,train,34.95093992882644,56.71221983758218,41.71593475341797,0.44071072340011597
30,0,NNLS,test,24.846688458386975,50.96792225661567,44.76601791887799,-0.17633083126799454
30,0,NNLS,train,21.255920522266646,42.4632582147141,34.30105288954972,0.22541795166197665
30,0,LINEAR,test,21.993332597482823,45.114843689120214,37.67805480957031,0.07833194732666016
30,0,LINEAR,train,8.503363183609526,16.987290961163254,14.150003433227539,0.8760378956794739
30,0,XGB,test,17.807686194896945,36.528842347413466,30.237606048583984,0.3957628011703491
30,0,XGB,train,0.04585444585386075,0.09160408614368874,0.07396431267261505,0.9999964237213135
30,0,MLP,test,102.57197594390843,210.40552363234193,205.0982208251953,-19.04702377319336
30,0,MLP,train,102.87608772784968,205.51704042791684,199.77171325683594,-17.144142150878906
30,1,NNLS,test,19.832533962212143,24.599839534848893,15.527790984033803,0.9444186219115653
30,1,NNLS,train,24.241248322844562,39.33442152978294,31.17880328021679,0.7309526313992034
30,1,LINEAR,test,23.139814000566453,28.70211705497523,22.730724334716797,0.9243354201316833
30,1,LINEAR,train,20.25390607888047,32.86446591863601,25.350299835205078,0.8121823668479919
30,1,XGB,test,28.22891554822935,35.01452684020948,22.83673095703125,0.8873940706253052
30,1,XGB,train,2.247637657867969,3.6470698993449533,2.456021785736084,0.997687041759491
30,1,MLP,test,130.52456612845168,161.89980504929585,123.99100494384766,-1.4074509143829346
30,1,MLP,train,110.24052105579736,178.87887072157235,162.07203674316406,-4.564181327819824
40,0,NNLS,test,20.254544815066104,41.5480745937781,37.68215534875067,0.21830483458157757
40,0,NNLS,train,21.58993893655861,43.1305316061295,34.58497670288743,0.20088290652129182
40,0,LINEAR,test,26.493137602496436,54.34527743684358,47.28683853149414,-0.3373936414718628
40,0,LINEAR,train,6.739370600296719,13.463337600706073,10.366338729858398,0.922134280204773
40,0,XGB,test,18.29290120175169,37.52416213775632,31.781963348388672,0.3623862862586975
40,0,XGB,train,0.8672446235541688,1.7325070606434605,1.4091278314590454,0.998710572719574
40,0,MLP,test,60.14460855852375,123.37441821671338,114.40951538085938,-5.89264440536499
40,0,MLP,train,59.05399597384301,117.97301730692489,105.70402526855469,-4.978691577911377
40,1,NNLS,test,22.41627191579595,27.80465134454318,18.467753522519665,0.9289932444356747
40,1,NNLS,train,23.05970690015606,37.41722453745101,30.055770759843604,0.7565407085215461
40,1,LINEAR,test,22.732342998579167,28.19669897359995,20.920684814453125,0.92697674036026
40,1,LINEAR,train,19.700997112791114,31.967302783713627,25.274208068847656,0.8222968578338623
40,1,XGB,test,26.441913906666205,32.797969252826846,19.850788116455078,0.9011995792388916
40,1,XGB,train,1.9332647845225461,3.1369610570521775,2.1298882961273193,0.9982888102531433
40,1,MLP,test,69.58926614567622,86.31699730318184,63.869659423828125,0.3156828284263611
40,1,MLP,train,56.69223908055261,91.99016485302926,77.80901336669922,-0.47151947021484375
50,0,NNLS,test,17.874305551280965,36.66549839244954,34.60545087598524,0.391233415087775
50,0,NNLS,train,21.828696795705778,43.607501616115094,33.41510242001391,0.1831106962948269
50,0,LINEAR,test,26.364101134462704,54.08058539621104,50.170379638671875,-0.3243976831436157
50,0,LINEAR,train,4.6822037945052175,9.353705878402847,7.508706569671631,0.9624155759811401
50,0,XGB,test,28.96497109365615,59.4157405458299,50.88999938964844,-0.5985957384109497
50,0,XGB,train,0.20683738594164783,0.4132020214554361,0.3405241072177887,0.9999266266822815
50,0,MLP,test,76.59509646747573,157.11924462410707,138.67396545410156,-10.178779602050781
50,0,MLP,train,69.21344230748049,138.26868940128853,118.97193908691406,-7.212747573852539
50,1,NNLS,test,20.69104268295811,25.664714896205062,16.04593073789669,0.9395024690548152
50,1,NNLS,train,23.88003170280351,38.74830291876782,30.5245608907478,0.7389109932833141
50,1,LINEAR,test,23.06555047734448,28.61000221185766,21.819835662841797,0.9248203039169312
50,1,LINEAR,train,19.501195409906057,31.643099826053113,24.63960838317871,0.8258829712867737
50,1,XGB,test,25.06246488286547,31.086930981234403,19.607955932617188,0.9112393260002136
50,1,XGB,train,1.9047092840032809,3.090626228108562,2.0637006759643555,0.9983389973640442
50,1,MLP,test,42.049150018494466,52.156842136393045,34.82318115234375,0.7501453757286072
50,1,MLP,train,36.33221803021827,58.95351427780302,44.43806457519531,0.395630419254303
60,0,NNLS,test,18.240863211008914,37.41741679537356,34.5352004890286,0.36600880868068686
60,0,NNLS,train,21.97307080436395,43.895919650174044,34.051204253420345,0.17226922449997217
60,0,LINEAR,test,23.07793075946054,47.3396759798269,44.89513397216797,-0.014813423156738281
60,0,LINEAR,train,4.02075997061856,8.032330035902662,6.098580837249756,0.9722844362258911
60,0,XGB,test,20.49833174306864,42.04815383831896,33.4976921081543,0.19937437772750854
60,0,XGB,train,0.01908302940435843,0.03812244236928695,0.029834747314453125,0.9999994039535522
60,0,MLP,test,46.25878303191127,94.89047448736622,79.23738861083984,-3.0773768424987793
60,0,MLP,train,37.46802081307393,74.85040419271294,63.154029846191406,-1.4067394733428955
60,1,NNLS,test,20.5697062687892,25.514211873042402,15.693869911586532,0.9402099278664353
60,1,NNLS,train,23.021117204883442,37.354607987331825,30.50858516592514,0.7573548696706658
60,1,LINEAR,test,23.816843866686067,29.54189003096387,23.419788360595703,0.9198430180549622
60,1,LINEAR,train,19.381555996038482,31.448970090077076,24.738853454589844,0.8280128240585327
60,1,XGB,test,25.8910864342138,32.11473495409662,20.612791061401367,0.9052730798721313
60,1,XGB,train,1.8982812421331472,3.080195935692777,2.085968494415283,0.9983501434326172
60,1,MLP,test,42.68709032617778,52.948129282640856,35.11025619506836,0.7425066232681274
60,1,MLP,train,32.235518447264326,52.30611286799446,40.40207290649414,0.5242397785186768
70,0,NNLS,test,20.83651752181998,42.74187310431125,38.70820334230912,0.17273867385792774
70,0,NNLS,train,21.604787938554566,43.16019567103436,33.90554451471781,0.19978330434581493
70,0,LINEAR,test,13.673503381188226,28.048408079618017,22.970996856689453,0.6437523365020752
70,0,LINEAR,train,6.866028545109929,13.716363999158883,10.765090942382812,0.9191800355911255
70,0,XGB,test,19.810388525735306,40.636978402335416,33.67371368408203,0.2522121071815491
70,0,XGB,train,0.034051562953433694,0.06802529717739358,0.05297718197107315,0.9999980330467224
70,0,MLP,test,56.63067163724681,116.16629210694039,95.2071533203125,-5.110769271850586
70,0,MLP,train,54.303809118368854,108.483500689621,89.87110137939453,-4.055546760559082
70,1,NNLS,test,17.67572884240333,21.924585835229397,11.669901722756254,0.9558503201846489
70,1,NNLS,train,23.354937518491763,37.896272705080705,29.18875209406399,0.7502668429090478
70,1,LINEAR,test,23.331585851864272,28.9399866473438,22.368051528930664,0.9230760931968689
70,1,LINEAR,train,19.11020812911468,31.00867463843031,24.336267471313477,0.8327948451042175
70,1,XGB,test,24.08243411495819,29.871322341628936,18.496540069580078,0.9180453419685364
70,1,XGB,train,1.9045086469468442,3.090300669686518,2.007845401763916,0.9983392953872681
70,1,MLP,test,43.189781474789854,53.57165634252174,34.83940505981445,0.7364063262939453
70,1,MLP,train,37.52634334736147,60.89113019420912,46.11351776123047,0.35525012016296387
80,0,NNLS,test,21.885776123717303,44.89421348311679,41.70436942851698,0.08732457767256607
80,0,NNLS,train,21.58298119811298,43.11663203194273,32.19821617899077,0.20139788267092273
80,0,LINEAR,test,13.877579345559088,28.46702836794811,23.666189193725586,0.6330389976501465
80,0,LINEAR,train,6.525600410800722,13.036285817854896,10.266321182250977,0.9269956946372986
80,0,XGB,test,17.752698438093987,36.41604616056979,30.20693016052246,0.3994886875152588
80,0,XGB,train,0.0005434677230949958,0.0010856932887461073,0.0009027480846270919,1.0
80,0,MLP,test,102.27173739857089,209.78964538913735,204.39617919921875,-18.92983627319336
80,0,MLP,train,102.52483220675607,204.81533222027105,199.07144165039062,-17.02045249938965
80,1,NNLS,test,18.251999102591686,22.639378809054612,14.179314273927844,0.9529246264748227
80,1,NNLS,train,24.443476800667092,39.66256222971965,31.193504286472077,0.7264449436636509
80,1,LINEAR,test,22.934219344329023,28.447101958956754,21.656545639038086,0.9256739616394043
80,1,LINEAR,train,18.732524477727033,30.395836233792984,23.518800735473633,0.8393386602401733
80,1,XGB,test,22.79606522933877,28.275738629070883,16.427520751953125,0.9265667796134949
80,1,XGB,train,1.9136472839836591,3.105129237779482,2.0570497512817383,0.9983233213424683
80,1,MLP,test,129.9357158965823,161.1694081548977,123.8016357421875,-1.3857779502868652
80,1,MLP,train,109.70934955318165,178.01697930780367,161.38157653808594,-4.510691165924072
90,0,NNLS,test,23.05284058400981,47.28820859358268,41.21691895372359,-0.01260797810551817
90,0,NNLS,train,20.16520678715122,40.284323695081135,30.218263478277294,0.30287131637621323
90,0,LINEAR,test,15.109944726584445,30.994975021162706,27.47846221923828,0.5649709701538086
90,0,LINEAR,train,12.405167456024785,24.781981487470134,20.414615631103516,0.7361769080162048
90,0,XGB,test,15.481507780538356,31.757160971176543,26.188838958740234,0.543312668800354
90,0,XGB,train,0.0005438419542848417,0.0010864408957777473,0.0009164810180664062,1.0
90,0,MLP,test,102.11940990943529,209.4771765610755,204.13552856445312,-18.870512008666992
90,0,MLP,train,102.44271473429987,204.65128496420442,198.8849334716797,-16.99159812927246
90,1,NNLS,test,19.858634493509964,24.632214060611666,13.74314942044943,0.9442722303211044
90,1,NNLS,train,25.629137188276946,41.586442751724846,32.731338419436604,0.6992630717045776
90,1,LINEAR,test,23.36460033372509,28.980937085530357,22.557239532470703,0.9228582382202148
90,1,LINEAR,train,18.55739597500442,30.111668592909606,23.35435676574707,0.842328667640686
90,1,XGB,test,26.072238565433477,32.33943207892649,19.16006088256836,0.903942883014679
90,1,XGB,train,1.9024035362748042,3.086884867437471,2.012906074523926,0.9983429908752441
90,1,MLP,test,130.0747073520985,161.34181010358103,124.69642639160156,-1.3908846378326416
90,1,MLP,train,109.82478744957163,178.20429156238072,161.74143981933594,-4.522294044494629
100,0,NNLS,test,21.481087189830365,44.06407653528945,37.25899786712453,0.12076500285869562
100,0,NNLS,train,21.010278103306195,41.97253482054833,31.85442992154875,0.24321730185142665
100,0,LINEAR,test,12.195346563400399,25.016270340286166,19.264123916625977,0.7166124582290649
100,0,LINEAR,train,5.5048082034499535,10.997034540127526,8.930620193481445,0.9480492472648621
100,0,XGB,test,17.676403250022748,36.25954211695523,30.430816650390625,0.40463918447494507
100,0,XGB,train,0.8939439049544912,1.785844599192382,1.3496639728546143,0.9986299872398376
100,0,MLP,test,80.42451866859764,164.974524548489,152.9638671875,-11.324502944946289
100,0,MLP,train,75.22410764687832,150.27628201915297,138.51202392578125,-8.701115608215332
100,1,NNLS,test,18.587577191671187,23.05562250027914,15.907816361656637,0.9511776738790095
100,1,NNLS,train,24.19387888962733,39.25755876970645,31.219969608277207,0.7320030863229676
100,1,LINEAR,test,23.444596895149182,29.080163063316245,22.384830474853516,0.9223290681838989
100,1,LINEAR,train,18.18483815847656,29.50714748886594,22.911462783813477,0.848595917224884
100,1,XGB,test,21.823826484513013,27.06979504375564,15.702954292297363,0.9326969385147095
100,1,XGB,train,2.002883877220453,3.2499266396092383,1.9993237257003784,0.9981633424758911
100,1,MLP,test,51.151503425243625,63.44720138257676,42.02608871459961,0.6302657127380371
100,1,MLP,train,41.36159199585106,67.11429514850953,53.034420013427734,0.21672677993774414
110,0,NNLS,test,20.25042413109947,41.53962184964653,31.430807820748242,0.2186228660262971
110,0,NNLS,train,20.856964964218456,41.66625895703203,31.514089009295013,0.2542215742474141
110,0,LINEAR,test,13.362427669236476,27.410299595695435,20.695030212402344,0.6597774028778076
110,0,LINEAR,train,5.0789135950647815,10.146218754042454,7.854901313781738,0.9557768702507019
110,0,XGB,test,19.69328272131215,40.3967596888584,33.76436996459961,0.2610267996788025
110,0,XGB,train,0.00016546390649584906,0.00033054962636825427,0.00026531220646575093,1.0
110,0,MLP,test,103.37988546517023,212.06278551410193,206.83737182617188,-19.36406898498535
110,0,MLP,train,103.55591050771966,206.87513217518435,201.1767578125,-17.384733200073242
110,1,NNLS,test,20.339848205472187,25.229100979791777,16.164920906784065,0.9415387210457367
110,1,NNLS,train,24.070387405029063,39.05717857286859,29.392533810138588,0.7347319479110833
110,1,LINEAR,test,23.344270953949117,28.95572096936059,23.228471755981445,0.9229924082756042
110,1,LINEAR,train,17.994262640744473,29.19791515693747,22.819026947021484,0.8517526388168335
110,1,XGB,test,24.139634416610477,29.942272339479555,18.461557388305664,0.9176555871963501
110,1,XGB,train,1.8174424770391255,2.9490250479642435,1.9411429166793823,0.9984877109527588
110,1,MLP,test,38.74318295553251,48.05619320210585,32.92134475708008,0.7878888249397278
110,1,MLP,train,35.32330846064565,57.31643380379117,43.15632629394531,0.4287298917770386
120,0,NNLS,test,19.387084147325233,39.768655660420606,28.727781974084678,0.283827828792681
120,0,NNLS,train,21.17431483121297,42.30023335171782,31.65607698330196,0.23135408271083335
120,0,LINEAR,test,12.49526276687269,25.63148736478728,18.6735897064209,0.7025025486946106
120,0,LINEAR,train,4.793173506653427,9.575391668770086,7.453539848327637,0.9606128931045532
120,0,XGB,test,18.35785300874639,37.6573975447554,32.60663604736328,0.3578503727912903
120,0,XGB,train,0.5809004566408394,1.1604731990574322,0.912541389465332,0.9994214773178101
120,0,MLP,test,102.01321226781255,209.25933372253672,203.92044067382812,-18.829204559326172
120,0,MLP,train,102.27656896148541,204.31937316368214,198.5431671142578,-16.933286666870117
120,1,NNLS,test,20.794391014624132,25.792905896912416,16.137168302040003,0.9388966094432075
120,1,NNLS,train,24.730677723579827,40.1285812240858,30.823586894234086,0.7199788570047028
120,1,LINEAR,test,23.462463868125965,29.10232486417537,22.53840446472168,0.9222106337547302
120,1,LINEAR,train,17.67495314601221,28.679796036296942,22.4719181060791,0.8569673299789429
120,1,XGB,test,22.662057438357003,28.109518308417346,17.14752197265625,0.9274275898933411
120,1,XGB,train,1.8633616922017517,3.0235346500057108,1.988633394241333,0.9984102845191956
120,1,MLP,test,130.51503440180312,161.88798210491106,124.68803405761719,-1.4070992469787598
120,1,MLP,train,110.2317359420619,178.86461578873,162.3107452392578,-4.563294410705566
130,0,NNLS,test,14.778142316713463,30.314349936689784,24.23461224961449,0.5838670167717672
130,0,NNLS,train,21.863000741646477,43.67603110241693,34.238641652499325,0.18054118464948166
130,0,LINEAR,test,12.00593205979846,24.62772505345538,19.026268005371094,0.7253470420837402
130,0,LINEAR,train,4.569889780480796,9.129334556838389,7.1854352951049805,0.964197039604187
130,0,XGB,test,19.964306933523286,40.95271067608041,32.622684478759766,0.24054694175720215
130,0,XGB,train,0.011085242904220326,0.02214514922191381,0.01644287072122097,0.9999997615814209
130,0,MLP,test,45.83586099032058,94.02293603158752,82.13291931152344,-3.0031628608703613
130,0,MLP,train,28.19058853009032,56.316744255982606,37.866756439208984,-0.3624352216720581
130,1,NNLS,test,20.67577892755257,25.64578206924554,15.79187389685211,0.9395916940326415
130,1,NNLS,train,23.966987402380006,38.88939928872397,29.422244334561455,0.7370060952755964
130,1,LINEAR,test,24.236748435367907,30.062730435382424,22.942466735839844,0.916991651058197
130,1,LINEAR,train,20.683377331146318,33.561336106448444,26.572181701660156,0.8041328191757202
130,1,XGB,test,25.824110661994453,32.031659677258176,18.166913986206055,0.9057624936103821
130,1,XGB,train,2.0755608471495415,3.3678540059158704,2.8073065280914307,0.9980276226997375
130,1,MLP,test,35.90759921299252,44.53899740720555,30.3877010345459,0.8178011178970337
130,1,MLP,train,32.94256907931704,53.45338990726523,40.62995529174805,0.5031404495239258
140,0,NNLS,test,17.4018238937447,35.696298475554514,32.481487222077796,0.42299179439860457
140,0,NNLS,train,21.010133367047345,41.97224567884185,31.28926376728298,0.24322772851200458
140,0,LINEAR,test,13.070326009689563,26.811112516912296,21.188631057739258,0.6744892597198486
140,0,LINEAR,train,4.306976804765374,8.604109522989217,6.869297027587891,0.9681981205940247
140,0,XGB,test,18.89168005181695,38.7524350293388,33.035858154296875,0.3199613094329834
140,0,XGB,train,0.016236757841191468,0.03243640472112451,0.022751236334443092,0.9999995231628418
140,0,MLP,test,35.77015659863135,73.37519298313634,62.397926330566406,-1.438002586364746
140,0,MLP,train,19.678071400503104,39.31116632525118,24.465656280517578,0.33614593744277954
140,1,NNLS,test,20.967674855870406,26.007843367674482,16.65661595383027,0.9378739926089796
140,1,NNLS,train,24.541927462507903,39.82231059668321,30.39258683335642,0.7242369179608364
140,1,LINEAR,test,24.9021357287164,30.888062219817424,23.967132568359375,0.9123713374137878
140,1,LINEAR,train,20.40854793449157,33.115391442509406,26.235706329345703,0.8093034029006958
140,1,XGB,test,25.582529179691598,31.732007312584837,20.22762680053711,0.9075174331665039
140,1,XGB,train,1.873705185807454,3.040318246797378,1.908400058746338,0.9983925819396973
140,1,MLP,test,41.39235381690819,51.34216655348944,34.402435302734375,0.7578897476196289
140,1,MLP,train,33.429836358067334,54.24404129141744,40.74915313720703,0.48833316564559937
150,0,NNLS,test,17.986249121801404,36.89512783417451,35.50722613419395,0.38358434556338683
150,0,NNLS,train,21.043189585870127,42.03828256273044,33.22973421360731,0.2408445252444349
150,0,LINEAR,test,12.438184354168143,25.514402623046802,21.100910186767578,0.705214262008667
150,0,LINEAR,train,4.095357724173925,8.18135504134248,6.509049892425537,0.9712464809417725
150,0,XGB,test,19.560188274371097,40.12374353075589,34.80780029296875,0.2709815502166748
150,0,XGB,train,0.014317312959425715,0.028601902067713236,0.01974925957620144,0.9999996423721313
150,0,MLP,test,81.19642757198622,166.55793849288602,145.4263458251953,-11.562217712402344
150,0,MLP,train,86.24110776643347,172.2851016484014,151.9503936767578,-11.750764846801758
150,1,NNLS,test,20.776007068338277,25.77010285371526,16.648458050824452,0.9390046024971966
150,1,NNLS,train,23.49450272668799,38.12273450510727,29.068127006573985,0.7472731974704537
150,1,LINEAR,test,24.63927754713634,30.56201870467145,23.95716094970703,0.9142115116119385
150,1,LINEAR,train,20.228964658998702,32.82399538221334,26.01239585876465,0.8126446604728699
150,1,XGB,test,23.62450070109071,29.3033117928887,17.481096267700195,0.9211324453353882
150,1,XGB,train,1.8070003330538924,2.9320813787389755,1.9045963287353516,0.9985049962997437
150,1,MLP,test,44.63371184886464,55.362675864757925,36.62377166748047,0.7184866666793823
150,1,MLP,train,35.62603918704699,57.807651823742155,43.48060989379883,0.41889601945877075
160,0,NNLS,test,16.876663694642264,34.61903925668719,32.38687378999917,0.4572927253330141
160,0,NNLS,train,21.130999809932298,42.21370231057612,31.947280775566128,0.23449561157272591
160,0,LINEAR,test,12.30277073546348,25.236629156285414,23.122520446777344,0.7115979790687561
160,0,LINEAR,train,2.1592980802673423,4.313660838582731,3.427159070968628,0.9920065999031067
160,0,XGB,test,19.74778748552824,40.50856511475382,33.26587677001953,0.2569306492805481
160,0,XGB,train,0.0282145569785384,0.05636462637025711,0.04352550581097603,0.9999986290931702
160,0,MLP,test,103.21625157765055,211.72712391188807,206.4635009765625,-19.299654006958008
160,0,MLP,train,103.68958728023063,207.14218018670172,201.43157958984375,-17.43222999572754
160,1,NNLS,test,21.372347151746897,26.509789995459315,17.27375615906768,0.9354528105343676
160,1,NNLS,train,23.937397862855967,38.84138660369183,29.57559180042509,0.7376550766996817
160,1,LINEAR,test,24.388289885618708,30.250699121892726,23.88496971130371,0.9159504175186157
160,1,LINEAR,train,20.13413737148268,32.67012638792701,25.887176513671875,0.8143970966339111
160,1,XGB,test,27.073061975371036,33.5808314550271,22.88067626953125,0.8964267373085022
160,1,XGB,train,2.5094885370202658,4.071955314540935,1.271073818206787,0.9971166849136353
160,1,MLP,test,130.9698847133158,162.4521684412061,125.37663269042969,-1.4239060878753662
160,1,MLP,train,110.64049642300968,179.52788019030638,163.07933044433594,-4.604630470275879
170,0,NNLS,test,19.62032495819244,40.24710169298786,38.739291033362946,0.26649202038981823
170,0,NNLS,train,19.59947970590764,39.15416256633878,29.19065589712801,0.34143798481039767
170,0,LINEAR,test,12.039187343067765,24.695941495865014,19.810325622558594,0.7238234281539917
170,0,LINEAR,train,3.4773078473679893,6.946667911190183,5.656145095825195,0.9792702794075012
170,0,XGB,test,18.40753820812958,37.759316614723545,33.35420227050781,0.35436975955963135
170,0,XGB,train,0.014415627062410081,0.028798305565590453,0.020813941955566406,0.9999996423721313
170,0,MLP,test,102.918280435285,211.11589678420714,205.85655212402344,-19.1826171875
170,0,MLP,train,103.38560348483408,206.5349073855313,200.8363800048828,-17.32431411743164
170,1,NNLS,test,18.298346869522696,22.696867561196616,13.981652312249405,0.9526852435308437
170,1,NNLS,train,23.59829643774618,38.291152629806554,29.698621137362004,0.7450352786252712
170,1,LINEAR,test,24.411108244194825,30.2790025126995,23.779695510864258,0.9157930612564087
170,1,LINEAR,train,20.13323007868847,32.66865419323047,25.891704559326172,0.8144137859344482
170,1,XGB,test,26.31214782593324,32.63701025640312,21.34754753112793,0.9021669626235962
170,1,XGB,train,2.5080586106425793,4.069635082259684,1.2628889083862305,0.9971199631690979
170,1,MLP,test,131.0408557486417,162.54019935465195,126.43162536621094,-1.4265339374542236
170,1,MLP,train,110.69631921053764,179.61845956255442,163.45582580566406,-4.610287666320801
180,0,NNLS,test,18.306791037041307,37.55265430669804,35.52397102776433,0.36141766680524046
180,0,NNLS,train,19.874139837726705,39.702855062930624,30.08561947931568,0.32285094763219246
180,0,LINEAR,test,13.981829883880145,28.680877120519582,24.652671813964844,0.6275049448013306
180,0,LINEAR,train,9.405198365222729,18.788900077260543,15.650604248046875,0.8483496308326721
180,0,XGB,test,18.233378222803132,37.40206286611241,32.689598083496094,0.3665289878845215
180,0,XGB,train,0.014756738831319201,0.029479749453569442,0.019666099920868874,0.9999996423721313
180,0,MLP,test,102.42508005216813,210.10419662039118,204.79391479492188,-18.98964500427246
180,0,MLP,train,102.60209511673418,204.96968144703743,199.2206573486328,-17.047624588012695
180,1,NNLS,test,18.929937960856613,23.480279278935654,13.990009858500065,0.9493626139991874
180,1,NNLS,train,23.252110469168557,37.72942310852213,28.521404866600296,0.7524610507262762
180,1,LINEAR,test,24.346319075830422,30.198639451257257,23.655513763427734,0.9162394404411316
180,1,LINEAR,train,20.091469934542182,32.60089319795836,25.80440330505371,0.8151828646659851
180,1,XGB,test,23.534277375536096,29.191400761490854,19.01626205444336,0.9217337369918823
180,1,XGB,train,1.770766201769116,2.8732870223288005,1.8594783544540405,0.9985643625259399
180,1,MLP,test,49.55836638980532,61.47110919468592,42.56470489501953,0.6529381275177002
180,1,MLP,train,40.059972919877914,65.00225732258265,49.38591003417969,0.26524919271469116
190,0,NNLS,test,18.96198935546881,38.89666024987257,36.491702624191035,0.3148900931084363
190,0,NNLS,train,20.45782866590474,40.86889863192138,31.13007141858973,0.2824921338694799
190,0,LINEAR,test,14.949573987695903,30.66600710394522,26.748796463012695,0.5741564035415649
190,0,LINEAR,train,9.0891197095697,18.157465199759265,15.08793830871582,0.8583713173866272
190,0,XGB,test,19.84591965812289,40.709863285818095,36.646949768066406,0.24952727556228638
190,0,XGB,train,0.014496686417388058,0.028960239005148727,0.020485496148467064,0.9999996423721313
190,0,MLP,test,103.278273874906,211.85435002614415,206.60134887695312,-19.32405662536621
190,0,MLP,train,103.38918685382288,206.54206593331054,200.86361694335938,-17.325584411621094
190,1,NNLS,test,18.56110783208647,23.022790488010063,13.698303049679243,0.9513166242710284
190,1,NNLS,train,23.43698299433666,38.02940163014738,28.88588298140667,0.7485091447545125
190,1,LINEAR,test,24.358663035046526,30.213950627152354,23.594161987304688,0.9161545038223267
190,1,LINEAR,train,20.01105951308124,32.47041735071613,25.679283142089844,0.8166592717170715
190,1,XGB,test,24.127652756896595,29.927410551929647,17.283967971801758,0.9177372455596924
190,1,XGB,train,1.8213579608128392,2.9553784043259754,1.8368258476257324,0.9984811544418335
190,1,MLP,test,131.19066116079472,162.72601469763524,127.41929626464844,-1.4320850372314453
190,1,MLP,train,110.86993525694257,179.90017305612855,164.0139923095703,-4.627899646759033
200,0,NNLS,test,21.484467612821106,44.07101078475594,39.92314618220675,0.12048825522158124
200,0,NNLS,train,20.527928009657003,41.00893709938349,31.469480753426943,0.27756658647629695
200,0,LINEAR,test,15.223801853310345,31.22852973381772,27.303668975830078,0.558390200138092
200,0,LINEAR,train,8.914933672709275,17.809491248085248,14.849148750305176,0.8637477159500122
200,0,XGB,test,18.661640067460212,38.28055484062698,33.57249069213867,0.3364218473434448
200,0,XGB,train,0.016740545018389702,0.03344282761248887,0.02428741380572319,0.9999995231628418
200,0,MLP,test,38.95860895350089,79.91565377790512,71.40226745605469,-1.8920071125030518
200,0,MLP,train,15.720458343784644,31.40498578767739,18.835071563720703,0.5763199329376221
200,1,NNLS,test,20.08768963387312,24.916329025865327,15.867488980963813,0.9429792564123428
200,1,NNLS,train,23.794313969992004,38.60921530289584,28.41494514034548,0.7407819950808363
200,1,LINEAR,test,24.6013312486131,30.514950949416786,24.202051162719727,0.9144755601882935
200,1,LINEAR,train,19.908052150233576,32.303275173178065,25.526947021484375,0.818541944026947
200,1,XGB,test,27.009325819694013,33.50177452739444,23.53550148010254,0.8969138264656067
200,1,XGB,train,2.509935799196137,4.072681052701187,1.2416770458221436,0.9971156716346741
200,1,MLP,test,39.683694103314885,49.222782572897586,30.491907119750977,0.7774656414985657
200,1,MLP,train,18.35396511873829,29.781576885338758,22.29722785949707,0.845766544342041
210,0,NNLS,test,20.233796161775874,41.50551295625456,38.13754100390313,0.21990554343192859
210,0,NNLS,train,21.440515446750513,42.83202615093558,33.11115791504831,0.21190597231942176
210,0,LINEAR,test,14.770218482617409,30.29809580443959,26.819955825805664,0.584313154220581
210,0,LINEAR,train,2.992081967901392,5.977325191326894,4.856886386871338,0.9846519231796265
210,0,XGB,test,18.61489541497553,38.184667703886724,33.851959228515625,0.3397420048713684
210,0,XGB,train,0.0001884427355760365,0.00037645476379486576,0.0003002166631631553,1.0
210,0,MLP,test,103.88297645787512,213.0947742496282,207.88905334472656,-19.56275177001953
210,0,MLP,train,103.94105796539488,207.64454679210817,201.9840087890625,-17.52174186706543
210,1,NNLS,test,20.802817287111914,25.803357660235818,16.771500990657966,0.938847078958126
210,1,NNLS,train,24.117223967316317,39.133176684000375,28.73700581028,0.7336986175300031
210,1,LINEAR,test,24.54151353070892,30.440754365934946,24.206768035888672,0.9148910045623779
210,1,LINEAR,train,19.874409943399787,32.248686534541605,25.48737144470215,0.819154679775238
210,1,XGB,test,24.61503249975503,30.531945680405794,17.342140197753906,0.9143803119659424
210,1,XGB,train,1.8078631649658001,2.933481430158784,1.8092578649520874,0.998503565788269
210,1,MLP,test,131.49866594758413,163.1080570703054,127.19095611572266,-1.4435184001922607
210,1,MLP,train,111.07132395497752,180.2269511095663,164.0972900390625,-4.648364067077637
220,0,NNLS,test,21.552140368093262,44.20982766312502,39.963698793873135,0.11493887676450809
220,0,NNLS,train,20.959012002446464,41.87011979334742,31.998016770593335,0.24690596930209674
220,0,LINEAR,test,14.192087702037023,29.112178223184152,25.13275146484375,0.6162176132202148
220,0,LINEAR,train,2.919054239711794,5.831436648146634,4.709109306335449,0.9853919744491577
220,0,XGB,test,17.649781947182944,36.2049339346302,30.99353790283203,0.40643107891082764
220,0,XGB,train,0.05221134684915274,0.10430335871227438,0.08187828212976456,0.9999953508377075
220,0,MLP,test,37.203900663343525,76.31622700255988,62.27741241455078,-1.637359857559204
220,0,MLP,train,14.48226602368567,28.93143117719788,19.444787979125977,0.6404323577880859
220,1,NNLS,test,20.751303372959544,25.73946093254712,16.822123307949845,0.9391495693214567
220,1,NNLS,train,24.13391565568749,39.16026101141171,28.494876129214095,0.733329872113149
220,1,LINEAR,test,24.238495664251015,30.06489765971377,23.51723861694336,0.9169797301292419
220,1,LINEAR,train,19.972636481587507,32.408071233177196,25.26725196838379,0.8173626661300659
220,1,XGB,test,25.36808785045511,31.466018997682244,19.826387405395508,0.9090613722801208
220,1,XGB,train,2.518197906302105,4.086087342645592,1.2428481578826904,0.9970966577529907
220,1,MLP,test,37.49503605212441,46.50801919679417,26.435373306274414,0.8013353943824768
220,1,MLP,train,34.33544332441322,55.71350052388559,41.783199310302734,0.4602358341217041
230,0,NNLS,test,20.148190136948728,41.329909626845286,37.342161077377696,0.22649249482334965
230,0,NNLS,train,21.113325423929073,42.178393935394,32.93059079361416,0.235775642036536
230,0,LINEAR,test,13.78161263867069,28.270172208862647,24.19849395751953,0.6380966901779175
230,0,LINEAR,train,2.8710014692502557,5.735440937309121,4.64772891998291,0.9858689308166504
230,0,XGB,test,19.467133160727727,39.932859912373544,35.313350677490234,0.27790147066116333
230,0,XGB,train,0.011331399386032294,0.022636899566833357,0.01623382605612278,0.9999997615814209
230,0,MLP,test,102.81343166719812,210.9008208850786,205.59112548828125,-19.141515731811523
230,0,MLP,train,103.0549018723911,205.87426001688507,200.14108276367188,-17.207273483276367
230,1,NNLS,test,20.89444600601597,25.917011910676948,16.923018220642046,0.938307180529201
230,1,NNLS,train,24.178615946384586,39.23279275785344,29.028741264140155,0.7323411165710509
230,1,LINEAR,test,24.58612584255818,30.496090497710213,24.4541015625,0.914581298828125
230,1,LINEAR,train,19.63657476325027,31.862769559226564,25.1295223236084,0.8234571218490601
230,1,XGB,test,28.33290099750469,35.14350810760609,22.729881286621094,0.8865629434585571
230,1,XGB,train,2.5152608846034687,4.081321661934858,1.245017409324646,0.9971034526824951
230,1,MLP,test,131.44741815130064,163.04449042937637,125.5884780883789,-1.4416141510009766
230,1,MLP,train,111.03342583439225,180.16545672485333,163.53724670410156,-4.644509792327881
240,0,NNLS,test,20.121266601642894,41.274681476154726,36.77500159548562,0.22855835206826158
240,0,NNLS,train,21.01841582305266,41.98879166035497,32.40723768977623,0.2426309528148951
240,0,LINEAR,test,14.199816469236318,29.128032215413857,25.467357635498047,0.6157995462417603
240,0,LINEAR,train,2.73723508676959,5.468213910666145,4.433872222900391,0.9871550798416138
240,0,XGB,test,18.29075220656249,37.51975391168964,32.87602233886719,0.36253613233566284
240,0,XGB,train,0.04463557262523973,0.08916912556017896,0.07248039543628693,0.9999966025352478
240,0,MLP,test,102.179635883484,209.60071788402826,204.22723388671875,-18.893957138061523
240,0,MLP,train,102.26094934348622,204.28816962810157,198.513671875,-16.92780876159668
240,1,NNLS,test,17.91006507541796,22.215251351816665,13.824515526565005,0.9546719303135951
240,1,NNLS,train,23.18623741744877,37.622535940448465,28.663348530818574,0.7538616159296874
240,1,LINEAR,test,24.700422063001962,30.63786101920353,24.235111236572266,0.9137852191925049
240,1,LINEAR,train,19.8178321393368,32.15688205464831,25.145572662353516,0.8201828598976135
240,1,XGB,test,25.772485897875907,31.96762545370609,17.741092681884766,0.9061388969421387
240,1,XGB,train,1.7388299071137154,2.821466437046026,1.7960751056671143,0.9986156821250916
240,1,MLP,test,130.5600559630258,161.94382586062056,126.0273666381836,-1.4087603092193604
240,1,MLP,train,110.26966068336937,178.92615336885493,162.84713745117188,-4.5671234130859375
250,0,NNLS,test,18.649614367597643,38.25588656595113,34.85884373546844,0.33727681760856876
250,0,NNLS,train,21.097090883779977,42.145961960988274,32.90785740807441,0.236950450913766
250,0,LINEAR,test,13.685306321487268,28.072619408406098,24.344173431396484,0.6431369781494141
250,0,LINEAR,train,2.6829025646951354,5.359673049691088,4.390557765960693,0.9876599311828613
250,0,XGB,test,19.370860675443303,39.73537651116918,34.27484893798828,0.285025954246521
250,0,XGB,train,0.061032370679369286,0.1219252449170262,0.09617309272289276,0.999993622303009
250,0,MLP,test,45.23742870706813,92.79537405125592,77.94439697265625,-2.8993146419525146
250,0,MLP,train,21.913386916312966,43.776688288402994,17.80739974975586,0.1767597794532776
250,1,NNLS,test,20.237938549124276,25.102694480350664,15.254646479648065,0.9421230758107512
250,1,NNLS,train,23.657026217815982,38.38644895674695,29.329749622994928,0.7437646229067332
250,1,LINEAR,test,24.923839042103506,30.914982533062044,24.699291229248047,0.9122185707092285
250,1,LINEAR,train,19.372107148284336,31.433638166754378,24.750215530395508,0.8281804919242859
250,1,XGB,test,26.93469951882082,33.40920970284616,18.966930389404297,0.897482693195343
250,1,XGB,train,1.7490136177715432,2.837990766256203,1.7737442255020142,0.9985994100570679
250,1,MLP,test,30.078123242921173,37.308243449630204,25.469106674194336,0.8721577525138855
250,1,MLP,train,20.36965242176562,33.05227866577432,24.5872745513916,0.8100295662879944
260,0,NNLS,test,19.022473513286034,39.02073118425677,36.724855823014515,0.3105124527648204
260,0,NNLS,train,21.805557932531176,43.561276776275825,33.79177656844602,0.18484161700071677
260,0,LINEAR,test,13.61696283310845,27.932426657638878,23.638879776000977,0.6466923952102661
260,0,LINEAR,train,2.578739310595921,5.151584618485937,4.201268196105957,0.9885995388031006
260,0,XGB,test,18.72281066600291,38.40603386839104,33.67635726928711,0.3320644497871399
260,0,XGB,train,2.2932459748811618,4.581250474625338,3.6929640769958496,0.9909840822219849
260,0,MLP,test,34.22753498397484,70.21081883891719,58.62712860107422,-1.2322545051574707
260,0,MLP,train,19.603502685755487,39.162199331055355,24.219942092895508,0.3411676287651062
260,1,NNLS,test,20.769236348400113,25.76170460141268,16.63175180138877,0.9390443517578613
260,1,NNLS,train,24.443583418507615,39.66273523034345,29.946255510846658,0.7264425572672135
260,1,LINEAR,test,25.11390478085922,31.150735900905595,24.978042602539062,0.910874605178833
260,1,LINEAR,train,19.331508297843257,31.367761514050436,24.675691604614258,0.8288999199867249
260,1,XGB,test,27.574908278013087,34.20331058652254,22.083078384399414,0.8925513029098511
260,1,XGB,train,2.505485896041208,4.0654605348412325,1.2351421117782593,0.9971259236335754
260,1,MLP,test,39.505640000739064,49.001928174754,32.55596923828125,0.7794581055641174
260,1,MLP,train,28.56999989145519,46.35835596706111,35.684295654296875,0.6262861490249634
270,0,NNLS,test,17.635727093882206,36.17610326483853,32.41291835879591,0.40737606203344234
270,0,NNLS,train,21.994697310992205,43.939123233583935,34.211402221162714,0.1706390714316025
270,0,LINEAR,test,13.987633624440104,28.69278231255968,25.09169578552246,0.6271956562995911
270,0,LINEAR,train,0.002980057685670194,0.00595330410973247,0.00477676372975111,1.0
270,0,XGB,test,19.18804956889951,39.36037674886383,34.07874298095703,0.2984572649002075
270,0,XGB,train,0.30203328099023097,0.6033762304808353,0.4507966935634613,0.9998435974121094
270,0,MLP,test,103.56499118993972,212.4424922184825,207.22535705566406,-19.43705940246582
270,0,MLP,train,103.80785588408963,207.37844707804135,201.7052764892578,-17.474300384521484
270,1,NNLS,test,20.88681497585442,25.907546548468705,16.67391158225035,0.9383522349706874
270,1,NNLS,train,24.933940828943875,40.458400735084645,30.647033103231525,0.7153569154603935
270,1,LINEAR,test,24.913752087946012,30.902470896669918,24.317703247070312,0.912289559841156
270,1,LINEAR,train,19.684136980247025,31.939945134812675,24.988811492919922,0.8226008415222168
270,1,XGB,test,26.159446385810874,32.447602743933565,17.494657516479492,0.9032992124557495
270,1,XGB,train,1.7210410062012893,2.792601746675212,1.7800090312957764,0.9986438751220703
270,1,MLP,test,131.33999124320695,162.911240452048,128.73086547851562,-1.4376249313354492
270,1,MLP,train,110.9443425428039,180.0209080738957,164.67398071289062,-4.635456085205078
280,0,NNLS,test,17.636192583716674,36.177058122454035,32.67538010863012,0.40734477735116703
280,0,NNLS,train,22.427941311802684,44.804621006645306,35.272706924063755,0.13764434730882535
280,0,LINEAR,test,14.092950019665091,28.908817453546938,25.677968978881836,0.6215606927871704
280,0,LINEAR,train,0.002846036916235433,0.005685568890611691,0.004512977786362171,1.0
280,0,XGB,test,20.93889457818937,42.95187879012468,37.63159942626953,0.16458946466445923
280,0,XGB,train,0.011553788417318153,0.023081169333918683,0.016911696642637253,0.9999997615814209
280,0,MLP,test,62.64804681179535,128.5097120600229,109.55804443359375,-6.47838020324707
280,0,MLP,train,72.71808618518577,145.26996689353928,111.81612396240234,-8.06551456451416
280,1,NNLS,test,20.566152475592453,25.509803826014895,16.060753023553495,0.9402305857400837
280,1,NNLS,train,25.122559407796473,40.76445769181096,30.775077442334087,0.7110341294391511
280,1,LINEAR,test,24.73925068342254,30.686023187160774,24.110157012939453,0.9135139584541321
280,1,LINEAR,train,19.553336512247967,31.727705209044526,24.81412696838379,0.824950635433197
280,1,XGB,test,27.228877522389418,33.774101637293775,18.020435333251953,0.8952311277389526
280,1,XGB,train,1.7888439527378202,2.9026204076166917,1.838409185409546,0.9985349178314209
280,1,MLP,test,39.669952159118736,49.20573736713789,32.733009338378906,0.7776197195053101
280,1,MLP,train,33.567075328843075,54.46672848371517,41.5483283996582,0.48412346839904785
290,0,NNLS,test,20.069882037555782,41.16927650550972,36.88910459065889,0.23249345000507793
290,0,NNLS,train,22.36273932265632,44.67436605493268,35.1759858237123,0.1426510995355844
290,0,LINEAR,test,14.385156205034008,29.508218945771066,26.504112243652344,0.605704665184021
290,0,LINEAR,train,0.0027634148588307266,0.005520513617934521,0.004369163420051336,1.0
290,0,XGB,test,19.251798668643403,39.491145046825054,34.32972717285156,0.29378801584243774
290,0,XGB,train,0.00021731769942558707,0.0004341386944719481,0.0003501892206259072,1.0
290,0,MLP,test,102.10121789960714,209.43985935704788,204.11105346679688,-18.863431930541992
290,0,MLP,train,102.40703645088219,204.58000994415363,198.8160858154297,-16.979068756103516
290,1,NNLS,test,19.601740504991497,24.313568399544728,15.281479133792411,0.9457047086051054
290,1,NNLS,train,25.562007198024183,41.47751604552861,31.2863972556475,0.7008364393331571
290,1,LINEAR,test,24.682212827548987,30.615274683486223,24.029821395874023,0.913912296295166
290,1,LINEAR,train,19.515743605678605,31.66670607179566,24.762819290161133,0.825623095035553
290,1,XGB,test,25.58741575147793,31.738068508902384,19.129150390625,0.9074820876121521
290,1,XGB,train,2.5070100479025066,4.067933659615555,1.2547787427902222,0.9971224069595337
290,1,MLP,test,30.709450040321844,38.09132734297927,26.28336524963379,0.8667347431182861
290,1,MLP,train,23.54151370491323,38.19901562765558,28.603782653808594,0.7462608218193054
300,0,NNLS,test,18.39262495033928,37.72872510290409,34.609751305793,0.355415466051756
300,0,NNLS,train,22.328824953521107,44.60661483181962,34.60189654312389,0.14524956465418648
300,0,LINEAR,test,14.294804161360645,29.32288012505124,26.966243743896484,0.6106421947479248
300,0,LINEAR,train,0.002674314413438473,0.005342516376376626,0.004225539974868298,1.0
300,0,XGB,test,19.073430447752425,39.12525895980594,35.6495475769043,0.3068135380744934
300,0,XGB,train,0.01038803987219075,0.02075233669487504,0.015035820193588734,0.9999998211860657
300,0,MLP,test,62.845901970739206,128.9155716326581,118.56929016113281,-6.525691032409668
300,0,MLP,train,45.58905166579304,91.07390435622874,61.982810974121094,-2.563105583190918
300,1,NNLS,test,21.021179276752015,26.07420907619163,16.235523045072906,0.9375565270710594
300,1,NNLS,train,25.262528421069135,40.991574715482805,31.046976549292467,0.707805243461717
300,1,LINEAR,test,24.664837788940034,30.593723067212352,23.99531364440918,0.9140334725379944
300,1,LINEAR,train,19.460329818081252,31.576790352485855,24.676788330078125,0.8266119360923767
300,1,XGB,test,25.544340993441473,31.684639525106444,19.168437957763672,0.9077933430671692
300,1,XGB,train,2.5062032849441938,4.066624587002863,1.250198245048523,0.9971242547035217
300,1,MLP,test,33.56563067615541,41.63407107194104,25.859272003173828,0.8407928347587585
300,1,MLP,train,26.224337217241136,42.55222836317594,31.179779052734375,0.6851325035095215
