feature_0,feature_1,feature_2,feature_3,feature_4,feature_5,feature_6,feature_7,feature_8,feature_9,feature_10,feature_11,feature_12,feature_13,feature_14,feature_15,feature_16,feature_17,feature_18,feature_19,feature_20,feature_21,feature_22,feature_23,feature_24,feature_25,feature_26,feature_27,feature_28,feature_29,feature_30,feature_31,feature_32,feature_33,feature_34,feature_35,feature_36,feature_37,feature_38,feature_39,feature_40,feature_41,feature_42,feature_43,feature_44,feature_45,feature_46,feature_47,feature_48,feature_49,label,split
-32.81074523925781,0.327667772769928,20.804662704467773,-19.128841400146484,-12.314874649047852,-8.169013977050781,21.857269287109375,6.151402950286865,-3.052471876144409,2.4846677780151367,2.09591007232666,-3.4312145709991455,-3.1868741512298584,-7.163745403289795,-5.911580562591553,2.5318658351898193,4.312326431274414,-3.8498003482818604,3.70527720451355,-0.6333812475204468,3.259538412094116,2.185230255126953,-0.6946194171905518,-4.3075361251831055,2.443678855895996,-0.16302478313446045,-3.1716184616088867,2.154984474182129,1.5419477224349976,-4.3391900062561035,5.289940357208252,-3.2833430767059326,0.4055541753768921,1.1305567026138306,-0.26381099224090576,0.4462975859642029,1.1084425449371338,2.726163148880005,3.7333526611328125,1.7186427116394043,4.933618545532227,-0.29108911752700806,-2.820612907409668,0.3782098889350891,0.6992051601409912,-3.522367000579834,-1.0573101043701172,3.4581263065338135,-1.0439574718475342,-1.4478988647460938,173.88187433333334,train
26.096879959106445,39.05991744995117,19.90927505493164,8.194515228271484,0.6587899923324585,13.845857620239258,-3.2038614749908447,8.678428649902344,8.322395324707031,9.839112281799316,-5.264565944671631,-6.585122585296631,19.867259979248047,-4.592268466949463,4.54846715927124,-1.4591447114944458,3.872389793395996,6.743066787719727,1.8888530731201172,1.8064982891082764,-1.6772949695587158,2.8301241397857666,1.9614543914794922,0.6568229794502258,0.807543158531189,0.1752326488494873,4.758059501647949,-1.1641831398010254,0.9052324891090393,-1.7112263441085815,0.7626481652259827,-5.544325828552246,-2.3533313274383545,-1.7309770584106445,0.6292453408241272,2.9073312282562256,0.6419920921325684,-1.870724081993103,4.696078777313232,3.324838876724243,1.3505281209945679,-0.40969371795654297,2.925410270690918,0.7819379568099976,1.052663803100586,-2.227137327194214,1.8497015237808228,-0.47626370191574097,1.0272883176803589,-0.8051673769950867,195.083152,train
-11.300751686096191,10.222270011901855,33.37097930908203,14.024651527404785,6.8987603187561035,13.657947540283203,-17.15277862548828,-7.351063251495361,-18.116439819335938,-0.4895668029785156,2.325735330581665,-9.546534538269043,-1.25650954246521,-5.537814140319824,6.120704650878906,0.07503311336040497,-3.561812400817871,-10.926614761352539,-5.7221879959106445,4.4419708251953125,-8.010720252990723,2.1775197982788086,4.841519832611084,3.3593945503234863,5.135730266571045,-7.390688419342041,0.07758253812789917,4.20290470123291,1.1965829133987427,-5.40468692779541,0.4328073561191559,-2.2161386013031006,0.6236879229545593,-0.8403503894805908,-4.742528915405273,-2.885120153427124,-1.483701229095459,-0.9081230163574219,-1.4804261922836304,-1.6033310890197754,0.5098460912704468,-2.390803813934326,-0.46848413348197937,1.512435793876648,-2.913374662399292,0.7288863658905029,-2.424051284790039,-0.24532102048397064,1.8148335218429565,-0.399690181016922,170.54412866666667,train
7.459109306335449,-32.61378479003906,6.865168571472168,6.044933319091797,-8.796368598937988,-8.04524040222168,-0.25972163677215576,0.5748048424720764,-0.005743215326219797,3.267258882522583,-6.276744365692139,-1.8434122800827026,-4.778364658355713,-7.384002685546875,4.199343204498291,3.0068235397338867,1.439880609512329,8.078034400939941,-1.7089635133743286,4.069942474365234,-3.049858331680298,1.6095099449157715,-6.693144798278809,-1.8730084896087646,1.9537197351455688,-1.273174524307251,-2.6043801307678223,3.593749761581421,0.9273604154586792,-0.7791633605957031,-5.500810146331787,-0.24829061329364777,0.4118058383464813,-0.13376714289188385,0.9520627856254578,-7.1192708015441895,-2.3634426593780518,3.859245538711548,1.616679072380066,-2.4046237468719482,-0.13953429460525513,-0.2463560849428177,6.571524620056152,-3.1392812728881836,1.5704580545425415,-0.927323579788208,1.4914872646331787,-1.9452911615371704,0.7721619606018066,-1.5569266080856323,174.73295233333337,train
-33.28936004638672,2.7426633834838867,-13.549068450927734,5.105533123016357,0.6048679351806641,3.023242950439453,4.027131080627441,-0.2842903137207031,8.962865829467773,5.036916255950928,3.939358711242676,-2.4498062133789062,0.03235054016113281,-7.1152191162109375,2.2597851753234863,-2.327396869659424,0.9859867095947266,2.3872060775756836,-2.7165708541870117,-5.462945938110352,5.63016414642334,-1.1299810409545898,-1.012390375137329,-4.6737260818481445,-0.37288761138916016,1.8045971393585205,-1.089444875717163,0.5262537002563477,-3.443131446838379,-0.9958078861236572,1.9318674802780151,1.8474082946777344,1.8683886528015137,-0.5530606508255005,0.9138784408569336,2.4083251953125,-1.1193480491638184,0.5554981231689453,-3.7057485580444336,-2.2814781665802,-1.716454029083252,3.067671298980713,-1.432779312133789,0.6751409769058228,-0.7366256713867188,0.7332839965820312,-0.5947504043579102,1.1366325616836548,1.1091370582580566,0.24736762046813965,206.04923733333337,test
29.719768524169922,-20.779539108276367,-8.525541305541992,-4.039353847503662,-5.3466315269470215,12.60908031463623,-8.945777893066406,4.637192249298096,-7.9941792488098145,3.1553711891174316,4.636723041534424,2.3892459869384766,-3.5602030754089355,-1.2513171434402466,-2.770617723464966,3.252992868423462,2.5993497371673584,-4.081602096557617,0.4056989848613739,1.3060660362243652,2.839416742324829,0.3214435279369354,-3.826308250427246,-1.048948049545288,-3.513211488723755,-5.192478656768799,-1.9230560064315796,1.650973916053772,-3.261349678039551,4.585796356201172,4.286647796630859,-0.9883286356925964,-1.4518163204193115,1.1059941053390503,-0.0034671067260205746,2.8174216747283936,1.0377787351608276,0.8697255253791809,-1.1008583307266235,1.6889762878417969,-1.353132724761963,-0.7481676340103149,2.9336652755737305,-2.2192180156707764,-1.8922392129898071,-3.418156147003174,3.4551239013671875,-1.663008689880371,-0.8233024477958679,-0.5757191777229309,235.98973166666667,train
-3.2336864471435547,25.939693450927734,17.78460693359375,-1.6592638492584229,12.725591659545898,-6.996945381164551,-10.688353538513184,-15.729778289794922,-8.043514251708984,-13.156078338623047,3.578547477722168,10.677925109863281,-1.3673131465911865,-8.091450691223145,4.303815841674805,2.5875449180603027,7.183673858642578,-1.6842987537384033,3.1547203063964844,0.7988414764404297,2.746065139770508,-3.097903251647949,-1.4794118404388428,2.585104465484619,-3.286144256591797,-1.0231374502182007,-0.6924407482147217,-1.6955175399780273,4.025814533233643,1.1719212532043457,0.31581079959869385,1.8979291915893555,-3.9796295166015625,-0.41888004541397095,-0.2617816925048828,3.8341126441955566,-3.0983810424804688,-7.682037830352783,1.409472942352295,-0.431887149810791,-2.4847893714904785,1.3889479637145996,-1.1214027404785156,-0.35074353218078613,-1.811605453491211,1.9503264427185059,2.162588596343994,3.1918578147888184,-1.881542682647705,-0.5143218040466309,181.91815666666665,test
12.860065460205078,-6.042299270629883,10.68868637084961,11.514008522033691,-6.7160325050354,6.3675007820129395,6.115609645843506,-13.760340690612793,14.632038116455078,-3.7568697929382324,8.861564636230469,-2.347295045852661,0.8915174007415771,2.030604839324951,-6.2905802726745605,-3.1687257289886475,3.991885185241699,1.8106743097305298,-3.6634042263031006,0.6622095108032227,-0.50822913646698,-1.0474934577941895,0.4526207149028778,7.497219562530518,-4.993949890136719,-2.4015953540802,-1.4132966995239258,-4.303901195526123,2.3723530769348145,0.9216311573982239,1.0980172157287598,-4.342893123626709,0.7646981477737427,2.646130323410034,-2.9725069999694824,-1.571128249168396,6.092425346374512,1.977515697479248,-1.2070233821868896,1.9099136590957642,-2.021942615509033,1.7983824014663696,-1.7841907739639282,-1.0775172710418701,0.08362866938114166,2.798701286315918,-1.6507104635238647,-2.240959405899048,-0.5552772879600525,0.546209990978241,164.26967366666668,train
15.245603561401367,-21.10048484802246,8.049296379089355,13.669992446899414,-3.6658754348754883,-4.368049621582031,-2.637751817703247,-9.945720672607422,0.01066590752452612,-12.660294532775879,2.053647518157959,-2.2885823249816895,-4.45706033706665,-9.955622673034668,5.641900539398193,3.3581151962280273,6.980690002441406,7.627365589141846,2.2608580589294434,-6.311384201049805,2.669224262237549,12.091057777404785,-0.07455269247293472,-0.35724279284477234,1.4416563510894775,-7.641416549682617,0.7272604703903198,-1.9828435182571411,-4.834877014160156,-1.0738645792007446,3.904432535171509,1.5474365949630737,6.149117469787598,1.9534560441970825,3.146156072616577,2.4185428619384766,-0.9508672952651978,1.8460862636566162,2.2168338298797607,1.9358901977539062,-0.5098356604576111,0.7751774191856384,-1.9426225423812866,0.4706588685512543,0.9924106597900391,2.3493127822875977,2.737622022628784,0.5048039555549622,1.720836877822876,-0.21859951317310333,147.04210766666668,train
-6.174905300140381,-10.623856544494629,9.21315860748291,-13.469209671020508,15.433112144470215,4.026317119598389,5.881482124328613,-2.8095991611480713,0.4510350823402405,2.186281204223633,0.22994522750377655,3.373490810394287,-0.13521361351013184,0.9036270380020142,-3.7855679988861084,4.177121639251709,-7.204273223876953,1.942363977432251,-2.180743455886841,0.06098005175590515,-0.5352085828781128,0.5283281207084656,1.4662964344024658,-2.5488357543945312,3.8572943210601807,-1.4629651308059692,0.9638137221336365,0.2662503719329834,1.16700279712677,0.8042920231819153,2.8950796127319336,2.9486958980560303,1.1691328287124634,0.8900147676467896,-3.693037986755371,-3.7455029487609863,4.17925500869751,3.783536672592163,2.476773738861084,-0.2980184257030487,-2.5698819160461426,-5.149003505706787,-1.3228483200073242,-1.94764244556427,3.9882001876831055,4.781103610992432,3.3174686431884766,0.8296142816543579,0.22822995483875275,-0.17559869587421417,169.45324833333333,train
7.94865083694458,23.726272583007812,-30.86418342590332,-3.562999725341797,-10.808562278747559,-7.518631935119629,-2.6224653720855713,-8.314493179321289,4.2306036949157715,-1.8460911512374878,11.3770112991333,-0.007201523054391146,4.297608375549316,7.274602890014648,2.3022735118865967,2.282430648803711,0.9447110295295715,3.372980833053589,-7.858674049377441,-1.1860829591751099,-1.118222951889038,3.033987522125244,-2.7094850540161133,-1.7380011081695557,0.11124829202890396,-1.9108375310897827,2.0743134021759033,-3.0954277515411377,1.5746514797210693,0.818574845790863,-2.1640586853027344,0.7717692255973816,-0.9468783140182495,1.9243425130844116,-1.3105612993240356,-2.6573219299316406,-0.05344725400209427,-0.6101589798927307,-2.461656093597412,3.077410936355591,1.2760341167449951,-3.6064984798431396,1.7135063409805298,1.847261905670166,-1.402496576309204,-0.9066044092178345,1.0780510902404785,-0.917332649230957,-0.5677236914634705,-1.1491906642913818,192.19422999999998,train
-22.60818099975586,13.344287872314453,-41.99183654785156,9.739510536193848,8.777591705322266,6.292281150817871,3.2723546028137207,1.3583571910858154,-4.225554943084717,-1.9499653577804565,-6.613054275512695,-0.4865218997001648,3.175421953201294,-9.416943550109863,-10.334186553955078,-0.5727346539497375,7.421876907348633,0.6494938135147095,-8.52446174621582,3.3919453620910645,1.8779515027999878,1.3662676811218262,0.6828139424324036,-3.052981376647949,5.533764839172363,1.6497644186019897,2.1612675189971924,0.6641071438789368,-1.4937564134597778,2.267693042755127,-1.4884995222091675,-2.7427632808685303,-0.9184181690216064,-0.3490953743457794,7.857779502868652,-1.4528398513793945,-0.941158652305603,-1.0632444620132446,-1.8807293176651,-1.1723614931106567,2.3596420288085938,-1.008919358253479,-4.451943874359131,-2.9411814212799072,2.4933624267578125,0.32074376940727234,-1.3837528228759766,-1.6903609037399292,0.6418647170066833,0.7046740651130676,173.71842533333336,train
26.5501651763916,-12.122115135192871,6.788911819458008,2.5049448013305664,9.386991500854492,-2.906005382537842,-7.044500350952148,1.3924789428710938,-2.1516475677490234,8.773635864257812,3.4362707138061523,2.8933119773864746,-6.10845947265625,0.5145502090454102,-0.7958712577819824,2.2106680870056152,0.6610183715820312,4.786282539367676,0.5170576572418213,0.5836849212646484,-1.3541111946105957,-2.919557571411133,-4.808167457580566,0.06540560722351074,-1.9315013885498047,-1.4609318971633911,0.5166563987731934,2.464977264404297,2.4102396965026855,3.386826515197754,-2.1737723350524902,-1.0882749557495117,-1.9560986757278442,-1.1592895984649658,0.6316051483154297,-0.6671962738037109,-4.770631790161133,-1.8438773155212402,-2.4417476654052734,0.5629569292068481,-0.14540958404541016,1.4910998344421387,-0.12866735458374023,0.9575961828231812,0.7270593643188477,-0.9210653305053711,-0.5059155225753784,-0.3094596862792969,-0.9113492965698242,2.505641222000122,157.848941,test
-18.4732666015625,-0.8627967834472656,-15.757560729980469,-1.8407094478607178,18.979310989379883,-7.212571144104004,10.307923316955566,5.399813652038574,-0.9118528366088867,-9.63400650024414,-0.5143804550170898,-4.595569610595703,5.914056777954102,-3.432786464691162,1.5022354125976562,-0.29974794387817383,3.770646095275879,0.1024479866027832,1.9785782098770142,-1.9044914245605469,1.6103599071502686,2.8055953979492188,1.8127968311309814,-2.35048246383667,0.5317821502685547,-1.6942570209503174,0.926659345626831,-4.504544258117676,-3.36798095703125,3.38983154296875,2.456620693206787,0.41298437118530273,-2.2402820587158203,0.24737799167633057,-1.1464529037475586,2.748835563659668,-6.100114822387695,3.824242115020752,0.4037928581237793,-1.0389001369476318,-0.41121530532836914,-1.9367382526397705,-1.1633424758911133,-1.3394831418991089,-1.4666028022766113,1.1273984909057617,-2.188619613647461,3.54789400100708,-0.9659585952758789,-0.42695581912994385,220.08276266666667,test
24.91804313659668,45.20393371582031,14.790271759033203,1.1567656993865967,-4.393249988555908,-10.614482879638672,-9.490767478942871,-3.555490493774414,-3.792111873626709,0.06637907028198242,1.4079594612121582,7.437916278839111,7.889993667602539,-5.553018569946289,0.09804749488830566,-1.5034160614013672,2.459824562072754,6.556987762451172,-3.715463638305664,3.390028953552246,3.067890167236328,4.2720441818237305,-1.8268128633499146,5.609388828277588,-0.5517120361328125,0.5975594520568848,2.23643159866333,-1.896315574645996,1.8200488090515137,0.7006869316101074,1.6057690382003784,-2.568051338195801,-1.6566029787063599,1.3301571607589722,-1.8746576309204102,4.969102382659912,-3.6816463470458984,2.146146059036255,0.22374534606933594,0.4915663003921509,1.7735400199890137,-2.2245991230010986,4.1232171058654785,0.46922433376312256,3.3103559017181396,0.5571680068969727,-2.440512180328369,-0.9364815950393677,-0.0680387020111084,-0.21851027011871338,166.9298646666667,test
-16.066038131713867,5.950481414794922,-29.184062957763672,7.514142990112305,-5.299940586090088,-4.5243377685546875,-2.8070333003997803,0.16046397387981415,3.3653974533081055,9.377518653869629,-5.144564628601074,-5.877892017364502,-3.028144121170044,4.407036304473877,1.6509102582931519,5.230313301086426,-4.411753177642822,4.179929733276367,4.531240940093994,-1.4932118654251099,-3.978092670440674,-4.384463310241699,-0.06484055519104004,-1.2202179431915283,0.9771051406860352,-3.267289400100708,-3.1719260215759277,-1.1244934797286987,0.1158006563782692,-0.4122069776058197,3.387237071990967,-1.86311674118042,-5.1575846672058105,2.1465890407562256,5.219923973083496,-3.8679041862487793,2.37616229057312,-0.7254952192306519,-2.879817485809326,5.088803291320801,0.3087339401245117,-4.9555158615112305,-1.9980567693710327,3.1207034587860107,-2.3873586654663086,1.6546801328659058,-0.34441184997558594,0.8817189931869507,1.6344341039657593,-4.635448455810547,278.34373966666664,train
13.994274139404297,-0.4159059524536133,16.541851043701172,9.958854675292969,9.786418914794922,6.2636332511901855,2.9742441177368164,-11.03862190246582,5.966130256652832,3.421130657196045,3.0929372310638428,-1.6154670715332031,1.839732050895691,3.7037267684936523,-1.4058589935302734,-0.7679166793823242,-0.9247703552246094,-4.813081741333008,3.755051612854004,1.0292129516601562,-4.143718719482422,-1.9610958099365234,0.6338503956794739,-3.5379889011383057,-2.5289907455444336,1.0241403579711914,2.6866891384124756,1.8466796875,2.120297908782959,-0.6443796157836914,-1.7982165813446045,-0.19494915008544922,-0.29132747650146484,-2.5966548919677734,0.3562965393066406,-0.3641977310180664,1.527416706085205,-0.6202893257141113,-0.6774640083312988,-0.12607574462890625,0.6955957412719727,2.0474586486816406,-1.077305793762207,-0.6091924905776978,0.13518381118774414,1.3097610473632812,1.1830121278762817,-2.533712863922119,-0.3280470371246338,0.1290971040725708,138.75994866666667,test
-17.764680862426758,-12.095516204833984,18.887622833251953,5.7516255378723145,24.41398048400879,-9.509197235107422,-6.082059860229492,-4.319482803344727,-2.9859564304351807,3.1497793197631836,-0.21835210919380188,2.4375510215759277,11.590645790100098,10.860567092895508,1.601815938949585,-5.108734607696533,2.2369184494018555,1.6966118812561035,-0.4062097370624542,15.589807510375977,1.9220260381698608,6.845637798309326,-1.9498093128204346,-8.348106384277344,0.3552718162536621,0.3461134731769562,-7.532240390777588,-1.007697343826294,-1.4458693265914917,1.590871810913086,0.4623393416404724,1.3814128637313843,2.552631378173828,-3.7049131393432617,0.6364123225212097,3.261423349380493,3.0050010681152344,-2.230560064315796,-4.039688587188721,3.138485908508301,0.18061934411525726,1.8363131284713745,0.8500269651412964,-1.484969973564148,0.9047865867614746,2.0503957271575928,0.45451030135154724,2.5151171684265137,-0.23763519525527954,-0.5369470119476318,144.81963066666665,train
22.521760940551758,-10.736289024353027,-7.0006422996521,5.32545280456543,10.450508117675781,5.704935550689697,4.768393516540527,-2.9232864379882812,2.1075830459594727,-3.9018948078155518,-2.258418560028076,-0.025051116943359375,-5.470282554626465,0.5854330062866211,4.478738784790039,-1.6527409553527832,3.6592884063720703,-0.5149059295654297,-3.7812228202819824,-3.0779876708984375,1.261399269104004,0.21329975128173828,0.7398541569709778,0.22639894485473633,-0.18526744842529297,1.4698889255523682,1.5310711860656738,2.0777292251586914,1.7704977989196777,0.3687872886657715,2.3833751678466797,-4.209003925323486,-1.3633544445037842,0.5367159843444824,-3.0654172897338867,1.8415889739990234,-1.7626380920410156,0.37697815895080566,3.3374686241149902,0.8264279365539551,0.32861948013305664,0.15367698669433594,-2.7441577911376953,-3.3808958530426025,-0.09186172485351562,0.85296630859375,0.6876357793807983,0.18536150455474854,0.7447714805603027,0.9273097515106201,302.00987,test
-33.67053985595703,-7.571036338806152,4.099865913391113,-6.985365867614746,13.310401916503906,-7.378595352172852,-20.46013641357422,-0.5567283630371094,4.77816104888916,1.103229284286499,-6.112781524658203,-1.5687294006347656,-1.682584524154663,-4.463191032409668,4.1578369140625,-3.6985538005828857,0.9122753143310547,-0.40934181213378906,3.5968332290649414,-1.1379222869873047,4.872255325317383,4.041233062744141,-0.19109690189361572,4.070903301239014,-3.4007978439331055,1.444032907485962,3.5581493377685547,0.2183990478515625,-2.006010055541992,-1.3837897777557373,1.4266959428787231,1.5219802856445312,-1.4328126907348633,-0.16821295022964478,-2.617359161376953,2.334347724914551,-0.9387025833129883,0.8888599872589111,-0.6041388511657715,0.1927962303161621,0.022932052612304688,2.3704886436462402,0.7977046966552734,-0.20481300354003906,0.795954704284668,0.6058511734008789,0.7371058464050293,2.779493808746338,1.6784950494766235,1.4324378967285156,167.65413166666667,test
-25.03350257873535,4.957196235656738,17.52759552001953,-15.698100090026855,0.8254077434539795,-2.331150770187378,27.873886108398438,-1.0217779874801636,1.858765721321106,4.677412986755371,4.389273643493652,4.212601661682129,3.9807677268981934,-4.810922622680664,0.39081889390945435,-0.08831726759672165,1.8520190715789795,-9.550630569458008,-0.5920328497886658,1.2561291456222534,0.7733478546142578,1.948598861694336,0.12272107601165771,-2.819082260131836,-0.09338506311178207,-1.0847481489181519,-2.129770278930664,-1.8616186380386353,1.4788973331451416,-0.4731483459472656,-0.05814182758331299,-2.8310658931732178,-2.7938718795776367,0.5929367542266846,0.06351502984762192,-1.6505059003829956,3.9725849628448486,1.3616760969161987,0.34822389483451843,-2.4604532718658447,0.629443883895874,1.840093970298767,3.5984010696411133,0.8672794699668884,-3.5811798572540283,-0.7282748222351074,1.0889978408813477,-3.4363338947296143,2.821500062942505,-0.4883541464805603,138.376661,train
-27.648170471191406,-2.0130159854888916,-16.883102416992188,26.22711181640625,4.898773670196533,-1.5283042192459106,-4.946927547454834,25.232221603393555,11.792922973632812,-17.971174240112305,10.692733764648438,14.075005531311035,2.831894874572754,-9.551798820495605,-2.5013811588287354,-11.22482681274414,-12.924544334411621,0.767376720905304,3.5158326625823975,-4.179568767547607,-8.018301963806152,-0.3286069929599762,-5.451634407043457,-2.4968132972717285,0.884928822517395,-3.3480942249298096,-1.1597543954849243,2.5213329792022705,3.1364827156066895,-0.4399934411048889,1.421769380569458,-3.0053842067718506,1.2335346937179565,-0.8614254593849182,-0.8548340797424316,1.3096784353256226,1.9126967191696167,-0.028233036398887634,-0.7368289828300476,0.31475815176963806,-0.2020856738090515,-0.10870794951915741,0.6688540577888489,-0.5173816084861755,-0.9484660625457764,-0.13007903099060059,0.3527642786502838,0.9618465900421143,-0.2677430808544159,0.6242715716362,141.38759866666666,train
25.657054901123047,23.443986892700195,9.70506763458252,3.5551364421844482,-10.439481735229492,2.700329065322876,8.921622276306152,-0.32336586713790894,14.236595153808594,6.877304553985596,2.133502244949341,-7.286954879760742,1.9154170751571655,1.9102680683135986,2.614471673965454,-7.451035022735596,-0.6117494106292725,-1.7043275833129883,-1.853407621383667,-2.8629417419433594,1.5795717239379883,1.4258915185928345,-0.4593433737754822,-1.7367095947265625,4.588136672973633,0.7877865433692932,-2.515216588973999,-0.14997608959674835,2.0518739223480225,-1.1292425394058228,-0.27055928111076355,1.5455881357192993,-1.4490119218826294,-2.7886714935302734,1.0300503969192505,-0.7374788522720337,1.8091576099395752,-2.2178962230682373,2.9659481048583984,-4.093918323516846,-4.347598552703857,1.6938071250915527,-2.288443088531494,-2.237698793411255,-0.6850876212120056,0.8262129426002502,2.5486068725585938,0.10701078921556473,-0.10393013805150986,0.6787539124488831,206.692633,train
13.1644926071167,1.126323938369751,16.19306755065918,-1.5556871891021729,17.706069946289062,8.801652908325195,4.187860012054443,-1.2718051671981812,5.968192100524902,-6.822545528411865,-8.642525672912598,2.3564910888671875,4.597690105438232,4.811504364013672,0.5794321894645691,2.747096538543701,0.9490601420402527,4.3126654624938965,-3.6961371898651123,-3.3928701877593994,-0.00236297445371747,-2.3985755443573,1.9760100841522217,-2.496983766555786,-2.434908866882324,-1.0785990953445435,-1.983025312423706,-0.3140641450881958,1.1911749839782715,-0.3235360383987427,-0.11241986602544785,-0.7147801518440247,-1.217991828918457,1.3059629201889038,-2.0531718730926514,-2.6111814975738525,2.5410501956939697,3.116966724395752,-2.5754401683807373,1.7638088464736938,4.031659126281738,-0.06203244626522064,-0.15217842161655426,-2.1776463985443115,1.9391100406646729,-0.7515195608139038,-2.924612045288086,0.9959636330604553,0.06481704860925674,3.102203130722046,268.7217806666667,train
7.4280195236206055,26.707273483276367,-35.74064636230469,-0.9831022024154663,-2.166710138320923,-6.309812545776367,0.6923256516456604,-2.7341792583465576,0.874125599861145,-3.7994768619537354,2.138883352279663,-0.5001227259635925,-9.629158973693848,4.829121112823486,4.80457067489624,-1.3114302158355713,-1.4262171983718872,-4.2069501876831055,-7.086676120758057,3.491851806640625,0.5285861492156982,7.534741401672363,-2.483802080154419,-2.5859203338623047,7.343837738037109,2.3460640907287598,3.4233155250549316,2.142852783203125,-0.3498038649559021,0.7602466344833374,0.6955599784851074,-3.8589425086975098,3.3311448097229004,4.745902061462402,-3.2421317100524902,-0.3959047794342041,1.9247984886169434,-0.48990151286125183,-0.69361811876297,1.7889825105667114,-0.7522642612457275,3.8431196212768555,1.6166118383407593,1.6924738883972168,3.428802251815796,-3.7731375694274902,-0.8527076244354248,-2.7902023792266846,-0.6637165546417236,-1.561477541923523,193.089283,train
38.82107162475586,28.89446258544922,4.902040958404541,-7.088888168334961,-9.92728328704834,-2.985405921936035,-6.075031280517578,11.553059577941895,-0.3075126111507416,3.0788235664367676,-6.089486122131348,0.30628931522369385,-9.441472053527832,1.5153166055679321,2.1336143016815186,-12.352850914001465,0.9734181761741638,-0.0073054488748312,-1.0893725156784058,1.4592299461364746,0.08941352367401123,3.1626908779144287,-0.6493834853172302,1.9826480150222778,-1.1398029327392578,3.9677975177764893,-10.214286804199219,-2.1613128185272217,-1.5105682611465454,-1.6158411502838135,0.9173595905303955,2.100647211074829,3.1216886043548584,0.3966098427772522,3.598203659057617,-0.49188393354415894,-1.8067636489868164,5.266625881195068,-0.4993073344230652,0.7879137396812439,-1.0051339864730835,-1.7716648578643799,-0.5734922289848328,2.3370940685272217,-2.147052526473999,-1.3236547708511353,-1.1389700174331665,-1.8865176439285278,0.3743261694908142,2.092257261276245,195.47986899999998,train
23.953065872192383,-28.665250778198242,-6.133460521697998,-6.137245178222656,-13.395018577575684,-4.308365345001221,-7.602996349334717,4.126455783843994,-4.32972526550293,-3.194537878036499,-6.028252601623535,3.9463443756103516,5.530762195587158,-7.652302265167236,6.303043365478516,0.3483029007911682,-4.054259300231934,-2.175900936126709,-8.115781784057617,3.4952399730682373,2.689143180847168,2.6825764179229736,-1.770609736442566,0.29967400431632996,-5.416322708129883,1.364640712738037,-4.0841498374938965,-6.857038974761963,0.2881694436073303,-3.895423173904419,-2.1720876693725586,-2.6028058528900146,-1.8464676141738892,3.2460269927978516,-0.4650200605392456,1.5692585706710815,-0.4055899977684021,-2.471881151199341,0.9216395616531372,-2.59771466255188,0.5398735404014587,3.632314920425415,-5.584712982177734,0.23813112080097198,0.09526243060827255,1.0041803121566772,-0.3868826925754547,0.2815743386745453,3.6420793533325195,-0.7232329249382019,176.72158133333335,train
18.532001495361328,-7.00718355178833,-7.717150688171387,0.47933173179626465,-9.289605140686035,0.8165585994720459,0.5584210157394409,-6.724174976348877,9.970069885253906,-19.236974716186523,-12.620902061462402,-4.176621913909912,0.6086862087249756,2.295224666595459,3.1390228271484375,0.348604291677475,0.9374328851699829,-6.3532819747924805,8.183829307556152,-1.333919882774353,2.267598867416382,-1.1841663122177124,8.823052406311035,-5.283419132232666,6.550949573516846,-3.87666654586792,-2.328650951385498,1.1073871850967407,4.096862316131592,5.494215965270996,0.023521246388554573,2.2252984046936035,-0.9541333317756653,1.0870283842086792,4.092472553253174,1.9054754972457886,-1.5264973640441895,-0.8893570899963379,-1.1187406778335571,-2.2537479400634766,2.9198758602142334,-0.06435324251651764,3.373741626739502,-2.7725603580474854,-3.5639195442199707,0.04409949481487274,-2.5955872535705566,0.42133134603500366,1.1806446313858032,1.3736817836761475,177.85184433333333,train
19.85050392150879,-18.747915267944336,-6.498815536499023,2.6656248569488525,-4.337822914123535,9.335810661315918,2.5092575550079346,1.6512445211410522,-7.002347469329834,10.593178749084473,5.16286563873291,6.242496013641357,4.917366981506348,2.519911050796509,3.8130481243133545,-0.47755035758018494,1.924682855606079,-3.144120931625366,6.802762985229492,-2.2310729026794434,-0.6019580364227295,-6.80186128616333,1.137377381324768,3.9817886352539062,6.994869709014893,0.01668575406074524,-2.819465160369873,-0.39060306549072266,-2.21771502494812,0.811248242855072,-0.28195908665657043,-0.06656083464622498,1.816125512123108,-1.0605326890945435,4.659609794616699,-5.102926254272461,0.5401067137718201,-2.3056962490081787,-0.3177608549594879,1.9433058500289917,-2.220834732055664,4.00817346572876,-1.3862791061401367,-0.6784622669219971,-0.24619139730930328,0.007543095853179693,1.5033800601959229,-2.765915870666504,-3.6972084045410156,-0.7396971583366394,190.85563133333335,train
-29.30280876159668,13.54613971710205,14.049281120300293,2.5282742977142334,-18.661935806274414,4.938213348388672,9.814042091369629,-12.816912651062012,-7.520229339599609,-4.812725067138672,-0.1473143994808197,-0.9217743873596191,1.208206057548523,-0.31576019525527954,4.837131977081299,-1.50145423412323,-3.599815845489502,-3.1045093536376953,1.4019049406051636,-5.951690196990967,1.7684910297393799,3.3413279056549072,-11.833212852478027,1.3827036619186401,-2.690255641937256,-3.5645804405212402,-2.4681718349456787,0.36710572242736816,-7.028337478637695,1.3876680135726929,2.757485866546631,-0.8561983108520508,-6.699032783508301,-5.299676895141602,1.7555015087127686,0.577515721321106,-0.8477669358253479,-4.031383037567139,-2.4091336727142334,-0.5356284976005554,0.6438339352607727,-2.2246904373168945,0.11000243574380875,2.2322442531585693,4.077464580535889,-0.2664695382118225,-0.9870797991752625,0.9133920669555664,-2.598649501800537,3.4422783851623535,221.97497233333334,train
17.751718521118164,2.0894196033477783,4.095707893371582,16.74915885925293,-3.9517836570739746,-12.726963996887207,12.859498023986816,-0.13738028705120087,-2.9285101890563965,-0.04402513802051544,0.043345123529434204,-3.9539620876312256,0.1213846355676651,1.5200860500335693,-5.76250696182251,-1.5550397634506226,-1.7361677885055542,-2.2482383251190186,5.061305046081543,-0.22842568159103394,-3.652966260910034,-2.5732836723327637,-2.3973965644836426,-1.2559576034545898,0.8888350129127502,-1.0437040328979492,6.33620023727417,0.5853760242462158,-5.8832244873046875,1.7366917133331299,-3.105186700820923,5.036190509796143,-2.066340208053589,-1.18081533908844,-0.522660493850708,0.2375553697347641,0.9738617539405823,-0.04308246448636055,5.287454128265381,3.188591718673706,-0.6341129541397095,1.7583324909210205,-0.4186607599258423,-0.38426899909973145,-0.410849928855896,3.06876802444458,-1.3120416402816772,-3.697563648223877,5.130383014678955,0.876950204372406,146.28804966666664,train
-14.102760314941406,2.3014373779296875,-18.052366256713867,-5.298540115356445,14.679733276367188,-4.724340915679932,9.871899604797363,5.660247802734375,-1.6963417530059814,-7.467579364776611,0.13101887702941895,-4.428711891174316,10.507974624633789,3.810000419616699,3.493931293487549,-2.081179618835449,1.809549331665039,-2.2894036769866943,3.686067581176758,-1.2981452941894531,-2.751588821411133,0.08283615112304688,-0.47748979926109314,2.260704517364502,2.583639144897461,0.6227478981018066,-3.4338409900665283,-3.3612403869628906,-4.534426689147949,3.0492238998413086,-1.405195713043213,1.4304351806640625,-1.952589988708496,2.545536518096924,-2.8818578720092773,1.2313461303710938,-2.7499189376831055,-0.19142413139343262,2.033546209335327,-1.4294559955596924,-1.103518009185791,3.6417274475097656,-0.9504327774047852,-1.4703669548034668,-2.304138660430908,2.2508559226989746,2.62801456451416,2.408853530883789,-1.133542537689209,-3.2266414165496826,221.55568133333335,test
-31.423784255981445,10.478938102722168,-20.777774810791016,9.377032279968262,1.466253399848938,5.805054664611816,-4.71394681930542,-10.283617973327637,-8.2471284866333,10.258679389953613,-6.9312615394592285,3.3129284381866455,-3.1628944873809814,-10.299539566040039,-4.128874778747559,-0.07105360925197601,-2.1592249870300293,-3.617603063583374,-1.628769874572754,-9.70452880859375,-5.230269908905029,3.8308825492858887,6.695127010345459,-1.9522792100906372,-3.857384443283081,-0.406858891248703,-1.2856247425079346,-8.250720024108887,2.7819786071777344,3.6230993270874023,-6.021881580352783,3.7156522274017334,1.8701510429382324,-7.777685642242432,-0.8855041861534119,2.2942235469818115,3.639652729034424,0.043336380273103714,0.9199556708335876,0.8700167536735535,-0.703549861907959,2.0744197368621826,0.5596176981925964,-0.307097852230072,0.661132276058197,-2.456207752227783,0.050202932208776474,0.3980594873428345,-0.3596125543117523,-2.4487106800079346,251.541019,train
6.84202241897583,14.953996658325195,18.218172073364258,1.7997509241104126,14.602560043334961,-16.70326042175293,2.2139267921447754,0.012700586579740047,-8.85930061340332,-2.572946310043335,4.530048847198486,0.30631306767463684,6.168325901031494,4.230862140655518,-2.3612287044525146,-1.7711292505264282,0.7176104784011841,3.5125091075897217,-4.488900184631348,-6.238503932952881,-4.704704761505127,-0.4811508059501648,1.8054516315460205,1.5000505447387695,-1.7385218143463135,-2.4402832984924316,-2.773792028427124,1.8631536960601807,-1.6876800060272217,4.054863452911377,-2.801176071166992,3.9398272037506104,-3.446164846420288,7.1693596839904785,1.0530294179916382,-2.660881757736206,0.5073203444480896,-2.006436586380005,0.2803480625152588,-1.9042694568634033,1.5923352241516113,-0.28320130705833435,-3.371835947036743,-1.2029688358306885,-2.9630138874053955,-2.623185396194458,4.5971784591674805,2.2968027591705322,1.2983720302581787,0.5729883909225464,230.28625866666667,train
-19.598352432250977,12.967570304870605,-31.3446044921875,0.006750435568392277,10.34701156616211,11.64072322845459,1.121082067489624,2.6394171714782715,-1.031098484992981,0.3550184369087219,-3.5030624866485596,-8.753582954406738,-7.984333038330078,-5.137571334838867,-4.445839881896973,-2.3702352046966553,5.206435203552246,4.990309715270996,-4.081471920013428,6.889740943908691,3.7573258876800537,-3.3243157863616943,-0.5701732635498047,3.373039722442627,-6.125542163848877,-2.9131712913513184,-0.3875526189804077,6.430432319641113,-1.7165886163711548,-1.7414779663085938,-3.5059425830841064,0.7109552025794983,3.221897840499878,-0.8909084796905518,0.5194617509841919,-0.46903881430625916,4.262840747833252,-2.9314589500427246,3.407470226287842,-2.5908429622650146,0.9909065365791321,-0.6599432229995728,-0.11589422821998596,0.7655985355377197,-4.461824893951416,0.41989314556121826,3.5691890716552734,2.42079496383667,-2.0231871604919434,3.257352828979492,235.743097,train
-26.769893646240234,-4.588836669921875,17.56638526916504,2.9440367221832275,15.037782669067383,-9.262218475341797,7.6385698318481445,-2.2012062072753906,8.398149490356445,7.01604700088501,8.14663028717041,2.9858717918395996,3.4958605766296387,-3.934267997741699,6.150706768035889,0.8324790000915527,5.092704772949219,-3.5079712867736816,3.5140204429626465,2.7961959838867188,2.2431416511535645,-0.2826995849609375,0.7002137303352356,-2.100505828857422,-2.876946449279785,1.7060396671295166,-1.2088444232940674,2.2412214279174805,-0.24389982223510742,-0.8710646629333496,1.1842623949050903,1.1232061386108398,1.3601255416870117,3.68119478225708,0.2216634750366211,1.3225383758544922,1.0183634757995605,-1.9707486629486084,3.403580904006958,-1.7853915691375732,0.4901418685913086,4.595592498779297,-2.9268455505371094,-0.7592549324035645,-4.312094211578369,-2.255455732345581,0.36275017261505127,0.7235379815101624,2.801884651184082,-0.5754685401916504,276.88937566666664,test
21.3503475189209,-10.85100269317627,-8.438958168029785,4.843976974487305,1.7112845182418823,-8.206769943237305,-4.634588718414307,4.326064109802246,1.1281827688217163,-9.473345756530762,-6.502627372741699,-11.666536331176758,-2.8874552249908447,5.735355377197266,0.11996874213218689,-3.90006422996521,6.265938758850098,-10.951116561889648,6.007315158843994,-1.389251708984375,0.5406991839408875,-1.5887439250946045,-1.834580421447754,-1.5030043125152588,-8.283661842346191,2.470097064971924,-2.2859878540039062,-1.7947170734405518,2.6153721809387207,2.9286980628967285,-2.556035041809082,-5.96527624130249,2.1552090644836426,-1.30155348777771,-1.828125238418579,-2.8582499027252197,-0.4329899847507477,-1.9083561897277832,3.074493169784546,1.8844455480575562,0.4297236502170563,-3.8450539112091064,-1.707647442817688,1.7763733863830566,1.3330570459365845,3.327660322189331,-0.5453670620918274,-1.2108705043792725,-0.06994897127151489,0.11117400974035263,143.241467,train
24.310338973999023,7.62185001373291,8.575263977050781,7.792374610900879,-10.437074661254883,13.2046480178833,-4.230932235717773,-7.182292938232422,15.389842987060547,1.1206917762756348,3.7296695709228516,-5.028736114501953,-0.40009331703186035,-3.2109107971191406,-13.7481689453125,4.892820835113525,1.5404243469238281,-0.027744293212890625,6.115189075469971,2.7542829513549805,-3.2344651222229004,4.819719314575195,-4.689193248748779,2.1558079719543457,-0.2502584457397461,-5.614158630371094,4.768828392028809,-2.6308813095092773,-2.882107734680176,-1.4880380630493164,-0.34957119822502136,0.7173118591308594,-2.7454099655151367,1.5337880849838257,3.2367677688598633,4.633484840393066,-3.8746824264526367,0.5545570850372314,-0.24329328536987305,1.782243013381958,-1.8157267570495605,0.8575706481933594,2.495105266571045,0.9415665864944458,-1.6394968032836914,6.543646812438965,-2.4730567932128906,3.5724573135375977,-4.087672233581543,0.7514851093292236,235.89324466666667,test
-44.33940124511719,-1.8028358221054077,19.990991592407227,9.373872756958008,-9.939619064331055,-0.17493365705013275,-11.166731834411621,7.404995918273926,2.0361225605010986,-1.0648627281188965,-4.14971399307251,7.142997741699219,1.140580654144287,18.179689407348633,-8.342907905578613,-1.4629967212677002,-4.859796524047852,-0.28554579615592957,-2.0164549350738525,2.7367475032806396,7.102238655090332,0.14645037055015564,2.8188421726226807,3.2123303413391113,-1.7148022651672363,-6.942104816436768,5.33624792098999,-3.4118645191192627,0.9855399131774902,0.019954821094870567,4.851344585418701,1.0181022882461548,3.722929000854492,-3.5400168895721436,2.7769646644592285,-5.970627307891846,-3.8572654724121094,-0.055171988904476166,3.4871785640716553,-2.6091442108154297,2.9455838203430176,2.651137590408325,-1.5725438594818115,1.5110235214233398,1.3167271614074707,-2.7187647819519043,0.7762462496757507,-1.9348279237747192,1.307535171508789,-0.8346691131591797,189.25868699999998,train
17.01409912109375,-14.748766899108887,-1.3609848022460938,19.5806941986084,9.159282684326172,1.8357667922973633,6.807069301605225,3.1535964012145996,-4.270773410797119,0.5315468907356262,11.05036449432373,2.17270827293396,1.1758910417556763,-0.609961748123169,3.3416693210601807,-0.7771742343902588,7.699869632720947,7.800652027130127,7.150085926055908,-2.89860463142395,3.656649351119995,5.569514274597168,0.3820819854736328,-0.5197117328643799,-0.6728705763816833,9.257296562194824,5.420473575592041,-2.7206060886383057,-1.5314974784851074,-1.5063917636871338,1.9731435775756836,0.24670979380607605,1.8692238330841064,-5.131697654724121,-2.745116710662842,-2.921903610229492,0.38427498936653137,1.2847970724105835,-5.035171031951904,-5.807639122009277,2.540180206298828,-4.955632209777832,-2.0067875385284424,0.8993341326713562,-3.833810329437256,-1.8188462257385254,-1.533829927444458,-1.5559065341949463,1.3782492876052856,-1.240429162979126,179.52642,train
30.91484260559082,-14.0343017578125,-20.40276527404785,-2.7882816791534424,-13.627034187316895,4.61377477645874,-4.550180912017822,7.7530622482299805,-8.798069953918457,6.967511177062988,10.477524757385254,-0.36397498846054077,10.091526985168457,4.227706432342529,-3.2793092727661133,1.8016388416290283,4.197048664093018,-7.973647117614746,-0.5967304706573486,-0.9294516444206238,1.1747838258743286,-0.3796500861644745,-1.480044960975647,-3.824892282485962,-3.8163230419158936,-4.079325199127197,5.098075866699219,1.1327847242355347,2.043628215789795,-3.985761880874634,-0.706283688545227,2.9969241619110107,-0.1025860533118248,0.6737963557243347,4.407596588134766,-1.1479012966156006,2.990687370300293,3.8454782962799072,-2.677553176879883,-2.5740878582000732,-1.7604402303695679,0.6009454727172852,2.106815814971924,1.718607783317566,1.7817107439041138,0.17421893775463104,-1.7308748960494995,3.1771433353424072,0.9715648293495178,4.434670925140381,154.35043833333333,train
-22.111602783203125,-11.786227226257324,3.3544037342071533,-19.92877769470215,10.150004386901855,-5.292285442352295,-20.48189926147461,4.199459075927734,1.7313600778579712,-5.552453994750977,2.7919530868530273,-17.44131088256836,-4.48854398727417,3.188777208328247,-0.3616271913051605,5.249930381774902,-4.94108247756958,2.067631721496582,4.994137287139893,-0.7972508072853088,0.390537291765213,2.437798023223877,-5.065683364868164,8.753453254699707,6.407433986663818,4.882022857666016,3.542121648788452,-3.091978073120117,1.1084970235824585,1.3073406219482422,0.35997694730758667,-2.427034378051758,-4.364137649536133,-1.176693081855774,3.5208067893981934,2.76057767868042,6.199649333953857,0.36621353030204773,-2.2577476501464844,-3.7553791999816895,-0.23058736324310303,3.162039279937744,0.7012234330177307,-1.1814721822738647,0.19872458279132843,-0.37740856409072876,1.369621753692627,1.0708374977111816,2.6459391117095947,0.5019252896308899,178.9352123333333,train
-15.300445556640625,-8.182621955871582,-1.0550789833068848,10.174320220947266,20.00166130065918,-8.367717742919922,-1.3152107000350952,-7.289669990539551,2.0110836029052734,6.949570655822754,2.85271954536438,1.885881781578064,9.064848899841309,1.2096142768859863,1.2882415056228638,4.035933017730713,0.0037193300668150187,-4.578378677368164,4.311478614807129,-1.5157946348190308,-0.5184826254844666,-2.406381368637085,-1.7901681661605835,-1.6420683860778809,-1.8252058029174805,3.084850788116455,-0.4585641026496887,5.801628589630127,-1.587441325187683,-4.180871963500977,1.5922257900238037,-2.9578917026519775,2.0180275440216064,1.0926238298416138,2.4469187259674072,4.39951229095459,-3.150237798690796,-0.9665248394012451,2.4226043224334717,-2.2293057441711426,-3.505350351333618,-1.2566206455230713,-0.44385892152786255,-1.3799564838409424,-1.2185877561569214,1.933688998222351,-0.9690743684768677,-2.3530282974243164,-0.9910447001457214,-1.4387305974960327,242.51370366666666,train
-10.029447555541992,-5.188418388366699,-8.988481521606445,-24.217775344848633,13.276533126831055,0.7022769451141357,4.50063419342041,3.216886520385742,2.725614547729492,-0.986859917640686,8.199012756347656,-5.968540191650391,0.822075366973877,-4.9188971519470215,-1.593703269958496,-2.963681697845459,0.2597198486328125,1.2029633522033691,1.3233920335769653,1.180532455444336,0.14978981018066406,3.9068803787231445,2.0365335941314697,3.0665769577026367,0.41626644134521484,-4.867232322692871,-1.2899906635284424,-6.848974227905273,-0.6967201232910156,4.010854721069336,-3.600520133972168,0.5739989280700684,-0.8398633003234863,-1.6165361404418945,-2.824467658996582,1.2634105682373047,-2.1224889755249023,-2.1082763671875,0.9712028503417969,-1.338555097579956,-2.8592896461486816,1.484023094177246,-0.6977710723876953,0.6576615571975708,-2.384568691253662,4.080357551574707,-0.7127518653869629,-0.8106549978256226,-3.28725004196167,-0.5603434443473816,240.73601633333337,test
23.80318832397461,-1.6252275705337524,5.588388442993164,-5.316835880279541,-16.947208404541016,3.534583330154419,5.832880973815918,-3.4634482860565186,3.0533230304718018,4.5871477127075195,-6.854185581207275,0.5711349844932556,-5.603729724884033,1.354053020477295,-8.354522705078125,-6.709414005279541,-12.503029823303223,0.8664399981498718,-2.141369581222534,0.9783837199211121,4.65477180480957,6.546591281890869,5.464354515075684,-4.026852607727051,-2.655158758163452,2.2529237270355225,6.44979190826416,4.214570045471191,-1.6337286233901978,0.23724031448364258,0.24747712910175323,-0.9608237743377686,-2.583880662918091,2.600324869155884,-0.9798749685287476,4.78757905960083,-2.5822014808654785,-2.0253875255584717,-2.7851274013519287,-2.2684009075164795,-0.47401684522628784,-1.3088866472244263,-0.3739243149757385,1.1808558702468872,-1.05143404006958,3.3053529262542725,1.8100515604019165,0.12983503937721252,-0.11503344774246216,-2.0140490531921387,155.152925,train
14.684782028198242,-6.318406105041504,16.164926528930664,-0.9508011341094971,16.31086540222168,9.8052978515625,-1.428116798400879,1.8642206192016602,-5.33734655380249,5.064470291137695,4.11703634262085,5.2679901123046875,-7.013989448547363,6.806180953979492,1.9115300178527832,-0.6816287040710449,-2.626462936401367,-0.03777599334716797,4.405947208404541,-1.763406753540039,-4.19190788269043,-0.45041465759277344,0.6639406085014343,4.044400691986084,0.3186779022216797,-0.03127574920654297,-2.3653814792633057,2.093414306640625,-3.5532150268554688,2.6673221588134766,1.6920231580734253,3.13607120513916,1.0887031555175781,1.6030341386795044,2.926717758178711,2.084578514099121,2.1644349098205566,-0.7755546569824219,1.6263189315795898,0.20786786079406738,-2.590543270111084,0.5537185668945312,-2.489811897277832,0.0172346830368042,3.3437817096710205,-0.4310874938964844,-0.7515740394592285,-1.1572985649108887,-0.7139010429382324,0.4558173418045044,188.4545016666667,test
-24.11974334716797,-1.5979527235031128,-5.759384632110596,-2.2198984622955322,11.603874206542969,-13.990206718444824,-8.934118270874023,-8.117500305175781,12.072159767150879,13.369868278503418,1.9928394556045532,4.808779716491699,-0.06014546751976013,-8.573150634765625,1.1174319982528687,2.9376747608184814,2.608849287033081,-4.677139759063721,-8.118024826049805,-4.0030035972595215,4.169099807739258,-8.31186294555664,-0.902224063873291,0.3317640423774719,0.41197672486305237,-0.20424433052539825,1.94447922706604,0.43631523847579956,3.899447202682495,0.8987495303153992,3.674272298812866,-1.545059323310852,2.414463520050049,-0.855198860168457,2.684685707092285,4.390044689178467,-4.253011226654053,2.8890860080718994,-2.2674195766448975,0.8250080347061157,1.039252758026123,-1.5992270708084106,1.073346495628357,2.6458699703216553,0.7529627680778503,2.1193454265594482,2.1443309783935547,-1.421342372894287,2.466506242752075,2.8753764629364014,161.35820466666667,train
18.326454162597656,18.57692527770996,10.81682014465332,-6.018258094787598,7.449237823486328,-4.601023197174072,-3.1859912872314453,3.7294111251831055,2.5055551528930664,-3.2319629192352295,-5.424961090087891,-5.696178436279297,1.0324127674102783,3.0756702423095703,1.1333386898040771,-2.106222629547119,-3.786144256591797,0.9861249923706055,-0.3240698575973511,-4.273914337158203,-0.2168593406677246,-1.814591407775879,-0.7532931566238403,3.2727060317993164,-0.8860740661621094,4.759252548217773,-0.24109697341918945,1.8504619598388672,-0.732203483581543,-0.2781643867492676,3.471442222595215,1.5577292442321777,6.65162467956543,0.2796151638031006,0.3649110794067383,0.9289560317993164,0.8346238136291504,1.6579372882843018,1.1821303367614746,0.4169611930847168,1.0979366302490234,-0.8317446708679199,-2.152280807495117,-1.5262353420257568,1.7567591667175293,-2.0597012042999268,-1.5828994512557983,1.3480517864227295,0.7185235023498535,1.4320433139801025,200.12185100000002,test
-13.510961532592773,3.4252407550811768,-27.74465560913086,-23.300811767578125,10.866925239562988,2.9631547927856445,4.828247547149658,8.165726661682129,1.0381195545196533,-4.1891303062438965,2.0651023387908936,-7.023670673370361,8.535294532775879,-2.1304893493652344,-1.248625636100769,-2.9076921939849854,1.43722665309906,2.3429951667785645,3.214998245239258,6.043830871582031,1.405329942703247,1.1321134567260742,1.8474608659744263,1.5261497497558594,4.752934455871582,-5.109592437744141,-1.0242985486984253,0.08228162676095963,-3.21944522857666,3.9187819957733154,1.877254605293274,4.432210445404053,0.7566565275192261,-0.2056947946548462,-4.022137641906738,1.3529517650604248,-1.532901406288147,0.42620131373405457,0.7314775586128235,-2.3672077655792236,-2.331416368484497,-0.2633022367954254,-1.2708580493927002,5.445463180541992,-0.10451813787221909,1.7192567586898804,-1.3860162496566772,-3.1995553970336914,-2.587908983230591,-0.4215123951435089,267.8270146666667,train
17.149511337280273,37.004981994628906,15.202390670776367,-13.915487289428711,-9.75155258178711,-16.08932113647461,-7.760537147521973,-3.2726497650146484,-11.11482048034668,-10.611525535583496,2.3825931549072266,5.701103687286377,-1.95442795753479,-9.821505546569824,-10.395649909973145,-0.18400561809539795,2.8809139728546143,1.6896007061004639,4.093987941741943,2.693620443344116,2.7739100456237793,-5.1645331382751465,2.4885623455047607,4.337438583374023,-2.784010648727417,1.1144026517868042,-0.9522485136985779,0.9290481805801392,1.3097621202468872,-2.260761260986328,4.401900291442871,-0.5399489998817444,-0.7190607190132141,-2.5458786487579346,1.4442472457885742,-1.4665333032608032,1.1831278800964355,1.3633310794830322,-3.696016311645508,0.6739876866340637,-2.830167293548584,3.272230863571167,1.2656428813934326,-0.7810566425323486,-0.7397075891494751,2.944751739501953,0.13532955944538116,0.5241576433181763,-1.0121240615844727,-3.8590755462646484,181.94500233333335,train
1.3046809434890747,-18.355396270751953,4.099019527435303,-2.3100779056549072,-2.572509765625,-3.352715253829956,4.830877780914307,-13.576841354370117,6.784196853637695,-8.361435890197754,-7.337193965911865,7.4820427894592285,2.9967615604400635,-4.729962348937988,1.8369516134262085,1.3779137134552002,-2.504384756088257,3.159723997116089,0.08441804349422455,1.2203117609024048,5.545535087585449,-2.617316484451294,6.064232349395752,1.1636452674865723,-0.7373515367507935,1.956405758857727,3.0684170722961426,1.2545721530914307,-0.06313029676675797,-3.5447518825531006,2.704556465148926,0.9698702692985535,2.4987270832061768,0.45923200249671936,-0.48477140069007874,-2.314788341522217,3.8505959510803223,-6.430141448974609,-2.1470022201538086,2.929536819458008,-4.05517578125,-0.632214367389679,1.9193940162658691,2.233440399169922,-3.0212106704711914,-4.860837459564209,-0.19535119831562042,-0.08564329147338867,0.4050223231315613,2.734280586242676,215.82060733333333,train
5.617213249206543,7.281362056732178,-14.82669448852539,-22.224546432495117,2.4689531326293945,-6.689966201782227,11.199910163879395,4.062746047973633,-0.3469271659851074,-14.017181396484375,1.942482590675354,-4.602751731872559,15.773728370666504,1.447671890258789,-0.11165690422058105,1.232226848602295,2.452935218811035,-1.4353351593017578,-3.1882212162017822,-3.240438461303711,-0.7144322395324707,1.7369203567504883,0.7811881899833679,0.9818081855773926,-2.1264095306396484,-1.5137215852737427,0.6034843921661377,-5.548560619354248,1.7444720268249512,0.9194974899291992,0.5762060880661011,-2.034374237060547,1.0729103088378906,-1.8066333532333374,-0.11225223541259766,-3.642123222351074,-2.7875308990478516,-0.19893527030944824,2.202986001968384,1.8788464069366455,1.2664895057678223,-2.118727207183838,0.38730812072753906,-0.31237637996673584,-2.904055118560791,1.828660488128662,1.3675378561019897,-1.7797545194625854,-1.6860289573669434,-1.9581202268600464,258.3442126666667,test
-31.03423500061035,6.940035820007324,23.029417037963867,-22.638559341430664,-16.817230224609375,2.8484859466552734,11.258955955505371,5.094977378845215,0.7780189514160156,6.6429243087768555,5.953997611999512,-5.282854080200195,-5.18978214263916,-8.597991943359375,0.5989491939544678,4.407503604888916,3.591660499572754,-1.268955945968628,0.15167641639709473,1.4256458282470703,-0.14780378341674805,-3.997861862182617,1.574528455734253,-4.181354999542236,-0.6378927230834961,0.045270681381225586,-1.863349199295044,6.489127159118652,7.3771467208862305,-8.083962440490723,0.6079146862030029,-3.5004284381866455,4.598160743713379,2.551023483276367,2.1968283653259277,1.7013416290283203,1.529189109802246,6.201913356781006,-1.238602638244629,-1.2145838737487793,6.103326797485352,0.6261897087097168,-1.071969985961914,-0.39459335803985596,-0.4712653160095215,-1.0571589469909668,-1.1485899686813354,3.165250301361084,-0.2653064727783203,0.04751300811767578,141.94857966666666,test
10.828239440917969,-10.696279525756836,-0.8139989972114563,-23.590524673461914,19.315580368041992,5.909734725952148,5.590059757232666,7.801938056945801,-7.576877117156982,-2.6186535358428955,-1.307176113128662,7.948827743530273,-6.709101676940918,3.951873779296875,2.5527243614196777,1.2387244701385498,-6.489791393280029,5.668843746185303,-2.883643388748169,0.11754696071147919,2.678593635559082,4.378424167633057,-0.9552831649780273,2.88065242767334,-2.8692924976348877,-1.427260398864746,2.3368918895721436,-3.622837543487549,1.6629821062088013,-4.155327796936035,-2.476130962371826,0.5327715873718262,-3.638446807861328,-1.7532678842544556,4.567451477050781,2.1939537525177,-0.21322929859161377,-0.5380902886390686,4.8776984214782715,3.421706199645996,-1.4128484725952148,-3.4706122875213623,3.2330574989318848,0.06218259409070015,-1.9106045961380005,0.6707388162612915,-3.14935040473938,-1.4427253007888794,0.014983922243118286,1.2307220697402954,240.57537633333334,train
-26.38201332092285,-1.4383211135864258,17.469982147216797,-11.554119110107422,-13.549422264099121,-7.113485336303711,15.288311958312988,11.490238189697266,-0.8664171695709229,2.7961833477020264,3.7390596866607666,-6.370403289794922,-5.425339698791504,-4.082087993621826,-2.571305990219116,3.645678997039795,0.4306602478027344,0.9260258674621582,4.0563883781433105,-1.2982749938964844,0.9518997669219971,4.583249092102051,-1.6702871322631836,-2.275197744369507,3.6959004402160645,-4.47110652923584,-2.116041898727417,-1.8320074081420898,-6.600307464599609,-2.8608012199401855,4.252469539642334,-0.24531078338623047,0.31009888648986816,-0.9658759832382202,-3.765134811401367,-0.34180355072021484,-0.069122314453125,2.680190086364746,-0.11343240737915039,1.1276553869247437,1.260894775390625,-1.246021032333374,-0.3400454521179199,-0.023633241653442383,-1.0341310501098633,-1.6672027111053467,-1.4461344480514526,2.0324854850769043,-3.9896116256713867,0.8940536975860596,177.5469425,test
24.576366424560547,-11.0971040725708,6.939429759979248,12.646578788757324,7.258744716644287,-0.5933992266654968,-1.3968400955200195,0.7861316800117493,-2.8780150413513184,8.674528121948242,3.240159511566162,-4.102599143981934,-10.581842422485352,-0.10321934521198273,-6.241620063781738,-1.375129222869873,1.9850244522094727,4.224076747894287,1.4442481994628906,1.6422368288040161,1.5446655750274658,-0.9450061321258545,-1.9497270584106445,-4.049830436706543,-0.9568079113960266,-1.5148653984069824,0.5875939130783081,3.9731428623199463,1.3320417404174805,3.5228958129882812,0.7643331289291382,0.9109458327293396,-4.313471794128418,-4.4682512283325195,-4.139034271240234,0.6759755611419678,-3.6225006580352783,0.06424816697835922,-2.015947103500366,5.064260005950928,1.996411681175232,5.180343151092529,0.6108418703079224,1.7161071300506592,-2.347259521484375,-0.3496024012565613,0.8425813317298889,0.48437440395355225,2.1749932765960693,0.8293272852897644,219.51352633333332,train
22.470394134521484,-7.748625755310059,6.7695746421813965,-8.874333381652832,-22.860958099365234,-4.865074157714844,0.20893001556396484,-2.6116981506347656,6.046106338500977,4.675923824310303,-2.0606532096862793,-4.065207481384277,-3.1613662242889404,-3.43339204788208,-5.9797139167785645,-3.4832699298858643,-5.441980361938477,-5.2163238525390625,-0.5483852624893188,0.5446071624755859,2.9577722549438477,-3.43157958984375,-0.997380793094635,-2.8466439247131348,1.4419384002685547,-1.136764407157898,-2.670356035232544,-0.25734615325927734,-3.3690223693847656,2.4986000061035156,-0.14138144254684448,-1.0707097053527832,0.405501127243042,-0.9245029091835022,0.3783130645751953,0.8090372085571289,-0.698143482208252,-3.2977936267852783,-2.454827308654785,0.13454318046569824,0.7088956832885742,3.3550052642822266,-3.4039764404296875,1.1314994096755981,-0.23188447952270508,2.396914482116699,2.0116565227508545,0.8727847337722778,-2.499734401702881,0.8196449279785156,221.7279113333333,test
-41.38394546508789,-7.746284484863281,13.721771240234375,-1.9674615859985352,-19.191614151000977,1.377784252166748,-10.453424453735352,1.9984701871871948,-0.6144334077835083,-3.6620829105377197,-10.828415870666504,7.195560455322266,-2.765002489089966,13.260120391845703,-6.916652679443359,3.0269534587860107,10.861720085144043,4.965879917144775,-4.690252780914307,-6.836716651916504,-6.318781852722168,-5.128719806671143,-1.405378818511963,-6.382362365722656,4.030370235443115,0.6496759653091431,-0.7857087850570679,-1.2079960107803345,-7.759362697601318,-3.2856028079986572,-2.982102155685425,-5.904733657836914,0.7869799137115479,0.28276577591896057,-2.8979666233062744,4.389956474304199,2.4739303588867188,0.7706527709960938,0.9794848561286926,-2.902083158493042,-2.026160955429077,0.041282687336206436,1.9599393606185913,1.592809796333313,-3.2625038623809814,1.162360668182373,-0.014497610740363598,-0.31335240602493286,-0.7146772146224976,-0.44681572914123535,250.99940633333333,train
-33.133392333984375,3.709169626235962,-15.496766090393066,10.56145191192627,-9.75064468383789,2.8966312408447266,6.000205993652344,0.1031835600733757,-5.006163120269775,9.275940895080566,-10.894745826721191,2.212998151779175,1.689000129699707,-3.4365556240081787,6.600768566131592,-1.8391872644424438,-5.7479705810546875,3.7618467807769775,-0.22454388439655304,0.11389995366334915,-2.7816660404205322,0.9464396834373474,1.9290701150894165,4.754794120788574,-1.0175626277923584,6.053773403167725,0.4168337881565094,0.08692173659801483,-5.360185623168945,2.8963112831115723,5.59306526184082,1.3541369438171387,0.9881089925765991,2.8755388259887695,-1.2140371799468994,-3.3050320148468018,1.4501543045043945,1.7496824264526367,0.13538004457950592,-0.7824369072914124,4.476914882659912,3.724579095840454,3.692378282546997,-0.6136313676834106,-0.8916800618171692,5.600738048553467,-2.8677732944488525,1.5012807846069336,-1.512576699256897,1.9561699628829956,157.85427866666666,train
-24.845367431640625,2.4264750480651855,-21.431804656982422,4.611467361450195,4.489313125610352,12.591354370117188,5.497042655944824,1.9466848373413086,-12.379974365234375,9.910177230834961,1.0642883777618408,-2.616323471069336,1.423921823501587,-1.699824333190918,1.3087737560272217,-5.7725830078125,-1.3646488189697266,3.1670432090759277,0.19780099391937256,4.135451316833496,0.7955672740936279,-2.751631736755371,4.352743625640869,3.742763042449951,-3.0528030395507812,5.877228736877441,0.7430856227874756,5.556851387023926,0.7070817947387695,2.875422477722168,-3.697862148284912,0.44986724853515625,1.1153450012207031,-2.111457347869873,-3.4168176651000977,0.9458084106445312,-3.4618139266967773,1.26481294631958,0.15671968460083008,-1.6430928707122803,-3.805859088897705,3.6330666542053223,0.34334659576416016,0.3316556215286255,-2.037954807281494,-0.6468734741210938,0.5208499431610107,2.824164390563965,0.2627124786376953,3.2224624156951904,118.32719366666667,test
13.398113250732422,-2.3870601654052734,23.91008186340332,17.044597625732422,20.008533477783203,11.843146324157715,3.3044233322143555,-8.33245849609375,3.470667839050293,-0.6824752688407898,0.5063087940216064,7.902106285095215,-0.19040846824645996,-0.7856044769287109,6.966332912445068,-1.606717586517334,2.622037887573242,4.123378753662109,-2.3338828086853027,0.44110679626464844,-2.744321823120117,3.658148765563965,5.30558967590332,2.7285757064819336,-2.492743492126465,1.895570993423462,-0.22749757766723633,-6.743386268615723,0.3731961250305176,-5.152801990509033,-1.4131919145584106,1.8163471221923828,2.2595648765563965,0.14730727672576904,-3.30220890045166,-0.7183656692504883,4.7915167808532715,-1.1741948127746582,-2.8667869567871094,0.14201617240905762,4.657626628875732,2.045203685760498,-2.2324724197387695,-1.7206048965454102,-1.527721881866455,-3.1747000217437744,-1.040420651435852,-0.5862648487091064,3.1817781925201416,-2.1318564414978027,169.57312866666666,test
4.40625,38.78447341918945,-12.884035110473633,-1.5502487421035767,-10.746530532836914,-2.2988550662994385,-4.160350799560547,-13.205415725708008,2.5162642002105713,3.8884470462799072,4.83247184753418,12.21721076965332,-4.555739402770996,2.1540958881378174,5.593503952026367,9.701242446899414,-6.175634860992432,0.6487975716590881,13.290857315063477,11.84144401550293,-0.35130757093429565,-0.198984295129776,-0.18181082606315613,-0.010581176728010178,-3.776402711868286,-3.4498376846313477,1.8419911861419678,-0.1208801195025444,-1.2750458717346191,3.01435923576355,-4.654019832611084,-5.005547046661377,1.482551097869873,-0.625686764717102,-0.830613911151886,1.9934401512145996,0.5581919550895691,3.8004865646362305,2.0674824714660645,-2.4438936710357666,1.9900362491607666,-1.2888619899749756,-3.5587100982666016,-3.6611168384552,-0.9430170655250549,-1.4962044954299927,0.38376569747924805,0.5233873724937439,-0.489202082157135,1.4337551593780518,100.88045866666666,train
29.466754913330078,29.853069305419922,14.749266624450684,3.205749034881592,-6.056256294250488,6.241608619689941,-3.5610311031341553,5.335995197296143,9.395696640014648,11.567503929138184,-4.399289608001709,-5.739635467529297,2.4350318908691406,0.17186029255390167,-2.345987319946289,0.07285576313734055,-0.6408982276916504,3.0765209197998047,0.29438072443008423,-1.5279792547225952,-0.9258474111557007,-0.4968656897544861,-0.03948374465107918,0.8256981372833252,0.5053119659423828,-2.698291063308716,1.059889793395996,-2.6064395904541016,-0.2753877341747284,-2.4818670749664307,0.6817342042922974,1.6150317192077637,3.173140525817871,1.5462042093276978,1.1244064569473267,1.680735468864441,-2.1985368728637695,2.9681203365325928,-2.383026123046875,-0.3583950996398926,-0.371480256319046,-0.47386857867240906,1.3139612674713135,-1.2573113441467285,-0.19799479842185974,0.7698957920074463,-1.4585095643997192,3.648338794708252,-1.141302466392517,-1.2871508598327637,201.04765033333334,train
-28.29552459716797,6.181265830993652,18.07292366027832,14.412548065185547,-0.7903516888618469,9.682830810546875,-2.863159656524658,-6.157233715057373,-14.168140411376953,-9.315439224243164,14.635701179504395,-10.742010116577148,-2.415193557739258,-3.5151419639587402,6.250295639038086,-8.132615089416504,-5.5997514724731445,5.019373893737793,-0.6955282092094421,2.6928040981292725,8.350069999694824,-14.417275428771973,2.123913526535034,-9.931754112243652,0.10178927332162857,4.093328952789307,1.691882848739624,-7.084467887878418,-0.6867191195487976,1.0164341926574707,-1.5429630279541016,0.45943138003349304,-0.5986450910568237,4.778417587280273,1.509333848953247,1.344167947769165,-0.8668575286865234,2.7452921867370605,2.6417644023895264,0.07725618034601212,-0.44376838207244873,-0.12543152272701263,1.4271317720413208,0.9670673608779907,1.2987327575683594,-1.0704315900802612,0.3196709454059601,0.16639827191829681,-1.3593589067459106,-0.504426121711731,241.467141,train
25.45396614074707,-9.26062297821045,-18.901966094970703,-3.2782466411590576,-11.382036209106445,2.410738945007324,0.7169485092163086,0.5469112396240234,1.9841647148132324,1.3342130184173584,8.211034774780273,-4.127749443054199,4.46235990524292,4.025972366333008,1.080162525177002,-3.8038411140441895,4.099577903747559,-7.57539701461792,-5.740516185760498,-2.709585189819336,1.704054355621338,0.9857110977172852,3.245248556137085,-1.65848708152771,-3.300058364868164,-1.245608925819397,-0.5220577716827393,1.3985929489135742,4.123843193054199,2.820026397705078,0.3807128667831421,-0.4578533172607422,-1.0020419359207153,-1.2013323307037354,-0.5494899749755859,0.1342315673828125,0.08966684341430664,1.9916720390319824,0.5721144676208496,-1.8687851428985596,-0.4219226837158203,-1.8508455753326416,0.2825307846069336,-1.6195015907287598,1.962113857269287,1.370805263519287,1.0845022201538086,-0.3437403440475464,2.020874500274658,2.824577569961548,255.016703,test
28.43535041809082,41.05435562133789,18.92369270324707,5.485828399658203,-5.216969013214111,13.026336669921875,-3.3371543884277344,6.729097366333008,4.759481430053711,6.0864362716674805,-6.5867767333984375,-1.4896907806396484,14.866132736206055,-3.5479049682617188,2.9905409812927246,-3.424987316131592,2.6987972259521484,7.4426164627075195,2.838754653930664,1.3533687591552734,-1.9779882431030273,2.267306327819824,4.321759223937988,0.9407844543457031,2.4776992797851562,2.9128997325897217,1.948946237564087,-0.3666877746582031,0.2932004928588867,-1.7846617698669434,1.3456279039382935,-2.2515764236450195,-1.5259430408477783,-0.9897542595863342,0.15061187744140625,3.900550365447998,-0.4562368392944336,0.37053370475769043,4.392071723937988,3.2468154430389404,2.7662034034729004,0.2333230972290039,4.327145576477051,0.9354497194290161,2.3251216411590576,-0.2223987579345703,1.1383188962936401,-1.1788538694381714,2.404503345489502,-1.1546781063079834,192.37494466666666,test
30.116600036621094,-12.86301326751709,-23.8433780670166,-3.5023508071899414,-7.694315433502197,1.0805342197418213,-0.6353222131729126,7.986762046813965,-10.163588523864746,3.982645034790039,5.228306293487549,1.3297498226165771,0.6896383166313171,5.505590438842773,2.7378833293914795,-1.0115607976913452,2.1662306785583496,-5.755213737487793,-2.917675018310547,-4.13693380355835,1.7457630634307861,0.152048259973526,3.0851831436157227,-1.433735966682434,1.3684419393539429,-0.977661669254303,2.2601001262664795,-0.16744866967201233,0.6059830188751221,1.556458592414856,2.986614942550659,1.9593414068222046,-0.34496331214904785,-0.6006361246109009,-4.258068084716797,3.7727606296539307,3.7016003131866455,1.9145458936691284,1.180972933769226,-0.11387042701244354,1.444810390472412,-1.0046014785766602,0.1047116294503212,-3.335479497909546,-0.4397411644458771,1.067238211631775,-1.6013296842575073,1.3395464420318604,-0.7918229103088379,-1.2727525234222412,221.36348866666665,train
-17.899505615234375,-2.81982159614563,-27.538114547729492,2.18155837059021,7.149580478668213,6.200490474700928,9.020757675170898,-0.4125412404537201,-10.763407707214355,-4.194929122924805,-4.5651421546936035,2.3191676139831543,6.273451328277588,4.486845016479492,-1.2240999937057495,-1.5776976346969604,-0.38448765873908997,-3.958369255065918,5.524240493774414,0.38396334648132324,-2.3808064460754395,2.5982437133789062,4.836252212524414,5.149847030639648,0.8959806561470032,4.771482944488525,0.7389469146728516,-1.4453635215759277,-2.9195425510406494,-1.9217414855957031,-1.387988567352295,-5.117981433868408,-1.2197455167770386,2.7754054069519043,-2.0386743545532227,-1.157185435295105,-6.561334133148193,4.820032119750977,-1.064656376838684,4.089272499084473,-4.669568061828613,1.7473526000976562,0.1374945193529129,-0.061213817447423935,-0.0513761080801487,-1.125440239906311,3.7768516540527344,3.7582335472106934,3.142429828643799,3.269866466522217,128.968653,train
10.269217491149902,-26.012784957885742,-5.10256814956665,-6.144687652587891,-6.2522358894348145,-1.3768306970596313,-10.810815811157227,-3.2325875759124756,2.493114471435547,-3.8175196647644043,-2.750764846801758,-2.801241874694824,5.728446960449219,-1.5243381261825562,0.04849766194820404,3.5592968463897705,-1.1300715208053589,3.8158788681030273,1.235762357711792,-0.7316815853118896,-4.68485164642334,-0.3907671570777893,6.745567321777344,0.2475607544183731,-0.7321325540542603,4.567412853240967,-2.8991751670837402,5.750585079193115,1.169573426246643,4.329660415649414,2.5935380458831787,0.36360177397727966,-1.3713830709457397,-3.1128480434417725,-1.3512738943099976,0.7210463881492615,2.016010046005249,3.9164133071899414,4.849273681640625,0.08319542557001114,-0.38990500569343567,-0.22448499500751495,-1.8396533727645874,6.205102920532227,2.836362600326538,-3.569021701812744,0.3852812647819519,1.2112953662872314,-0.9950021505355835,0.19185982644557953,252.77424166666665,train
-28.005693435668945,-2.0104899406433105,-12.066892623901367,-10.638094902038574,0.916876494884491,10.036596298217773,-0.5786427855491638,-3.002615451812744,11.435395240783691,4.937587738037109,1.1952362060546875,0.10929973423480988,3.0463783740997314,1.075317621231079,8.990900039672852,-2.1762025356292725,-1.302762508392334,0.707655668258667,1.13871431350708,-1.215591311454773,0.6427930593490601,-4.021346569061279,-1.9691036939620972,2.2767040729522705,-8.101633071899414,-1.2516635656356812,-4.543205261230469,3.8821349143981934,-2.543877124786377,1.8471511602401733,-0.6096077561378479,4.319007396697998,0.9938772320747375,1.8082371950149536,-1.2352242469787598,1.3964561223983765,-0.19392478466033936,1.3503395318984985,-1.6079362630844116,-3.735032558441162,0.5920122265815735,1.5540302991867065,1.1831190586090088,1.9613076448440552,1.6088306903839111,-1.349737524986267,-0.8472846746444702,-1.2746615409851074,4.924821853637695,-3.1252553462982178,246.330675,train
-35.686180114746094,-6.419670104980469,23.82143211364746,-14.334785461425781,-15.021842002868652,-1.061151146888733,7.861856460571289,13.937370300292969,4.450830459594727,-1.1646896600723267,2.3102846145629883,0.9375361800193787,-9.512411117553711,-0.7235198020935059,13.181313514709473,-0.9624857902526855,10.448471069335938,0.7382906675338745,-3.4584994316101074,7.293616771697998,-14.336250305175781,-1.9668726921081543,4.803040504455566,-1.5957521200180054,-5.02210807800293,0.6847712993621826,8.205650329589844,-0.28684917092323303,1.5402861833572388,4.78168249130249,2.948223829269409,1.9364354610443115,-0.9757370948791504,-0.6574145555496216,2.3533501625061035,1.0629098415374756,-1.6551334857940674,-2.1451058387756348,-2.752589702606201,1.2073934078216553,-3.214069128036499,-0.10237967222929001,-2.985886812210083,-2.1437108516693115,1.1664690971374512,-0.04287007451057434,0.46901413798332214,0.2497621327638626,-0.29986754059791565,0.7457359433174133,189.37882733333333,train
16.16598892211914,11.09012222290039,10.726099967956543,11.562952041625977,16.801952362060547,4.280905246734619,-2.780590057373047,0.7654366493225098,8.124772071838379,-3.1509177684783936,-12.879286766052246,-2.0966150760650635,-2.578261375427246,-5.09818696975708,-1.2636994123458862,9.353485107421875,0.2637004554271698,-4.465148448944092,-1.972855567932129,2.605379581451416,0.7779303193092346,-2.641880512237549,-11.833012580871582,-2.2068748474121094,-0.0427706278860569,1.189161777496338,4.5140275955200195,-3.6686410903930664,0.8482460975646973,1.9430776834487915,3.2471563816070557,2.897428035736084,-0.7338465452194214,0.6953420042991638,-3.091732978820801,-1.599895715713501,-0.7365142703056335,2.1362252235412598,1.014145851135254,0.05370137840509415,-3.553837776184082,2.079611301422119,-1.8739547729492188,0.46468958258628845,-2.6707568168640137,-1.4086120128631592,-2.9837465286254883,0.68219393491745,-2.322324752807617,1.648337721824646,173.85210733333335,train
13.159189224243164,10.68415641784668,-21.983198165893555,-3.5616424083709717,-7.866383075714111,-11.246952056884766,-3.492401361465454,-9.426620483398438,3.768322229385376,-1.2897201776504517,11.659329414367676,2.394613265991211,-4.257397174835205,6.010797023773193,5.68996000289917,4.059877395629883,-1.8890055418014526,2.491363763809204,-4.171044826507568,-0.3635600209236145,-4.4672465324401855,-1.6995095014572144,0.2947232723236084,-3.901156425476074,3.6537721157073975,4.8144917488098145,-2.819737434387207,1.7618430852890015,2.987208127975464,-7.724220275878906,2.2108378410339355,3.5375571250915527,-1.198030948638916,-5.336073875427246,-0.12503370642662048,-0.6787644028663635,-1.605493426322937,-1.6033751964569092,4.079463481903076,0.3193110525608063,2.3331475257873535,2.9259045124053955,-1.5717906951904297,0.28684884309768677,-1.6957170963287354,2.037914514541626,0.186636283993721,1.4167828559875488,0.010311751626431942,2.7897439002990723,179.92145833333333,train
-41.39500045776367,-8.423134803771973,11.797649383544922,-12.219155311584473,0.3080354332923889,0.7445975542068481,-25.900415420532227,-6.002799034118652,14.613662719726562,3.865233898162842,3.5523364543914795,8.877837181091309,-0.4535326659679413,-4.532705307006836,1.6802159547805786,-12.430688858032227,8.534554481506348,-7.127685546875,3.4566876888275146,-2.0735371112823486,7.463852882385254,5.755619049072266,-0.6278757452964783,1.5474339723587036,1.567353367805481,3.070117950439453,4.39089298248291,3.557539224624634,-1.9470677375793457,-0.5576109290122986,-5.6170759201049805,3.2745718955993652,-6.143944263458252,2.478394031524658,-1.2526453733444214,-4.258059978485107,-0.14714448153972626,1.3528175354003906,2.3760387897491455,3.4401962757110596,0.8846661448478699,-1.0112638473510742,-0.5893678069114685,-1.5065778493881226,-0.7615340948104858,0.7478129863739014,-1.1723541021347046,1.999316692352295,-1.9288830757141113,-1.3176864385604858,202.231493,train
3.6208579540252686,-15.547229766845703,6.082007884979248,7.161813259124756,-2.124096393585205,-23.123891830444336,11.7993803024292,-2.721548318862915,1.6027168035507202,8.030179023742676,0.09743856638669968,-3.3563060760498047,-4.092574119567871,0.10399191826581955,-4.227200031280518,-4.533592700958252,-1.8780066967010498,-2.834829807281494,2.3135528564453125,3.8281965255737305,-2.379182815551758,-0.8790979981422424,-2.1663646697998047,2.9467406272888184,1.7052439451217651,-0.35063841938972473,2.793071746826172,-1.729435920715332,0.5868907570838928,1.290124773979187,-4.942625522613525,-0.44727814197540283,6.244455337524414,0.424500435590744,1.5754778385162354,-0.735654890537262,0.9329144954681396,-3.013115644454956,-0.1460772007703781,-1.7054647207260132,-2.05885648727417,-2.2587575912475586,3.055370807647705,3.3479862213134766,2.3375349044799805,-1.4032213687896729,-2.2251501083374023,6.3067145347595215,0.46041685342788696,-0.8319995403289795,214.047554,train
-22.171939849853516,-6.44008731842041,1.2283871173858643,-32.71479034423828,1.4358049631118774,-3.491421937942505,-3.8519859313964844,5.624641418457031,5.088996410369873,6.457010746002197,8.284529685974121,-6.035353183746338,-1.8801146745681763,-4.819946765899658,-5.5284929275512695,0.0740433931350708,-1.591880440711975,2.6971323490142822,5.457553386688232,-1.5038328170776367,-1.428505778312683,-1.7278077602386475,2.9481449127197266,0.6100753545761108,3.3040411472320557,-2.573930501937866,-2.664698362350464,-7.16567850112915,-2.8140909671783447,-1.5735825300216675,-2.5987746715545654,-0.6741633415222168,3.9192087650299072,-0.43157708644866943,-4.860813140869141,0.10888238251209259,-3.609405994415283,-3.8278696537017822,-2.2350785732269287,2.1965043544769287,3.2325215339660645,-1.121945858001709,0.7947525382041931,-2.1364777088165283,0.2503034174442291,0.5503901839256287,-0.2794008255004883,-2.1989762783050537,0.6201169490814209,4.101055145263672,189.16618633333334,train
-28.983306884765625,-2.975605010986328,23.41720199584961,0.6430058479309082,5.688218116760254,-3.6275792121887207,22.047935485839844,9.908493041992188,1.2411065101623535,6.9438252449035645,6.519412040710449,3.0741491317749023,1.5267188549041748,-0.45302391052246094,1.2319004535675049,-0.3023667335510254,3.4112634658813477,-4.622442722320557,1.2264727354049683,3.02579402923584,3.1297879219055176,3.0101442337036133,2.5063908100128174,-3.770909309387207,-0.4707002639770508,-0.13452720642089844,-3.049142599105835,1.446732521057129,1.3433780670166016,-0.5318264961242676,-1.9513258934020996,-1.655930995941162,-2.548807144165039,2.0081491470336914,-2.235015869140625,-1.6773567199707031,1.863534927368164,0.9954357147216797,1.2621955871582031,-3.064457654953003,0.2664604187011719,1.283003330230713,0.46445178985595703,0.9913538694381714,-3.159245014190674,-3.6089115142822266,2.665640354156494,1.3416674137115479,2.814073324203491,-0.24238407611846924,173.42755166666666,test
-28.5365047454834,-17.901084899902344,6.220057010650635,-5.131592750549316,12.534881591796875,-6.483771324157715,-19.2567081451416,0.2826824188232422,5.009113311767578,-6.4058451652526855,-6.913969039916992,-6.57476806640625,2.63029146194458,7.086992263793945,6.689162731170654,-4.272436141967773,3.809506416320801,-1.1678352355957031,-0.23815345764160156,0.38919639587402344,3.425898551940918,3.8069257736206055,-3.9028592109680176,4.489649772644043,-1.0121784210205078,1.7186253070831299,-0.4187123775482178,-3.307997226715088,3.6875805854797363,1.076974868774414,1.443221926689148,0.3551750183105469,-5.267389297485352,0.14427626132965088,-0.8403310775756836,3.8530287742614746,2.2020859718322754,2.4977073669433594,-4.474660873413086,-0.26375794410705566,1.8094139099121094,3.6100282669067383,-1.9244441986083984,-1.9948511123657227,1.1339521408081055,0.23653125762939453,0.8663254976272583,4.866557598114014,0.7575974464416504,-0.5701025724411011,149.98541866666665,test
-1.4358456134796143,1.350792646408081,18.639083862304688,-6.325177192687988,18.47644805908203,-10.796708106994629,-1.56032133102417,-1.3287945985794067,-6.397810459136963,2.7648603916168213,-3.68766450881958,-2.8388187885284424,-2.2064716815948486,3.406432867050171,3.2752721309661865,-2.7459800243377686,-7.4527692794799805,-4.49859094619751,-6.189610958099365,-4.572916507720947,-0.4346894919872284,3.0966153144836426,1.661675214767456,0.4955979585647583,-2.041396141052246,4.012961387634277,-0.011462926864624023,1.201716423034668,-0.26380735635757446,5.306563377380371,3.4738447666168213,-2.668423891067505,2.7727789878845215,-2.2672436237335205,3.528798818588257,-0.6688424944877625,0.6388667821884155,1.9548739194869995,0.9704807996749878,0.15831990540027618,-1.103735327720642,-2.2997539043426514,0.464798241853714,-2.8876731395721436,-2.123988151550293,-1.2400323152542114,1.090994119644165,-2.1381354331970215,-2.3180630207061768,0.5255369544029236,232.89944599999998,train
11.071769714355469,-19.15690803527832,-5.705707550048828,8.15381908416748,1.3978503942489624,-1.3311806917190552,9.473079681396484,-5.83115291595459,-1.3971551656723022,4.439932823181152,5.952311038970947,2.187608003616333,-2.1613423824310303,3.598534345626831,-2.7634117603302,-6.500978469848633,2.949645757675171,6.691642761230469,-6.836695194244385,0.11917450278997421,2.5786285400390625,-4.354994773864746,-0.9720847010612488,9.320588111877441,3.5400173664093018,-1.2301222085952759,-3.0385162830352783,1.869378685951233,3.0991427898406982,5.488685607910156,1.917391061782837,-5.055912017822266,-3.15822696685791,-1.4838908910751343,-2.777733087539673,2.9584548473358154,-3.884321451187134,-0.7185227274894714,2.205131769180298,-1.4814938306808472,0.09372269362211227,-0.7913086414337158,-0.09800213575363159,-2.827489137649536,0.2314407080411911,-1.5336885452270508,-3.673600435256958,2.008612632751465,1.2524003982543945,-0.7503668069839478,191.104949,train
-15.328399658203125,8.053091049194336,-24.575868606567383,21.66373062133789,-2.1385397911071777,-7.495110511779785,-10.345599174499512,2.069629669189453,0.38247251510620117,1.9871766567230225,-1.814375400543213,-1.7850637435913086,-13.966601371765137,2.9617109298706055,0.4324779510498047,4.876302242279053,1.6793384552001953,4.425370216369629,4.337122917175293,-3.130512237548828,-1.6282944679260254,8.659431457519531,2.092458724975586,-4.078223705291748,5.31904935836792,-4.233884811401367,0.56734299659729,-2.452098846435547,0.8506298065185547,-5.273695945739746,2.804853916168213,-5.618406772613525,-4.686823844909668,-0.12133044004440308,0.9629626274108887,-1.2538518905639648,0.37581586837768555,1.860170602798462,-0.3032393455505371,1.0119762420654297,1.2161307334899902,-2.4496378898620605,1.0472960472106934,-1.5003814697265625,1.2506520748138428,1.3056020736694336,1.3675951957702637,-2.8681421279907227,-0.7619290351867676,-1.0828135013580322,279.848074,test
29.733797073364258,41.79501724243164,11.644351959228516,-6.522323131561279,-1.6081267595291138,-9.681344032287598,-9.711482048034668,1.5196341276168823,-9.749625205993652,-7.78601598739624,-3.4392008781433105,10.896966934204102,2.9135971069335938,-3.6460814476013184,-4.050921440124512,1.1286355257034302,4.4771928787231445,2.02911114692688,0.5220639109611511,0.6146118640899658,-0.7759085297584534,-3.330094575881958,0.39799049496650696,0.9824770092964172,1.5791258811950684,2.7886769771575928,-1.4749879837036133,2.2644715309143066,-0.8598310947418213,1.9914814233779907,-0.1778026819229126,2.664292097091675,-1.5074926614761353,-0.35498127341270447,-2.430537462234497,-0.18655462563037872,0.39070454239845276,-2.5459096431732178,0.24451160430908203,-2.143996238708496,-1.1929548978805542,-3.444620370864868,1.9814919233322144,-0.3079860806465149,5.476489067077637,-0.11895635724067688,-1.138555645942688,-1.6163724660873413,3.1890780925750732,1.2512813806533813,122.327419,train
11.475290298461914,1.153868556022644,8.911721229553223,-8.653005599975586,28.484512329101562,10.725115776062012,6.102637767791748,2.929185628890991,-4.316613674163818,-1.7261918783187866,1.0080318450927734,8.914888381958008,-6.669191360473633,0.8684781789779663,1.8622374534606934,2.565929412841797,2.0878593921661377,3.1041083335876465,2.424579381942749,-0.1855117231607437,-0.769752025604248,-0.24517163634300232,1.4305425882339478,-1.6997740268707275,-0.33375972509384155,-1.8199013471603394,0.8755578994750977,2.429396867752075,2.6557552814483643,-0.9773232936859131,-4.501340389251709,-2.078994035720825,-1.43509840965271,1.2092928886413574,3.4722611904144287,-0.06894268840551376,0.9884796738624573,-0.4091290533542633,-0.291708767414093,-0.2754637897014618,1.0231542587280273,3.7975921630859375,-1.3120206594467163,4.838454723358154,1.0725075006484985,2.262836456298828,-3.494704246520996,0.06303106248378754,0.159746453166008,-2.6106607913970947,285.31212899999997,train
-0.5743253231048584,13.963587760925293,-15.417622566223145,-16.927310943603516,9.26469612121582,1.2430849075317383,10.096227645874023,-2.7192153930664062,1.93268620967865,-16.394790649414062,0.2782209515571594,-1.4721834659576416,6.578794002532959,2.160015821456909,3.29752779006958,2.658235788345337,3.1791396141052246,-0.8099448680877686,-2.9904162883758545,-3.3920538425445557,-0.3542638421058655,0.6353769898414612,-2.7463135719299316,1.0273181200027466,-2.5713415145874023,-1.3663688898086548,1.2980512380599976,-3.2547802925109863,2.19034481048584,0.867518961429596,-1.0893239974975586,-0.09529825299978256,-0.1268095076084137,-3.9792144298553467,-1.4516462087631226,-2.1672818660736084,-7.461935043334961,0.6004151701927185,0.17325881123542786,-2.101050615310669,-0.8388200998306274,1.712153434753418,2.8409647941589355,-0.22562159597873688,-1.478475570678711,2.060302734375,2.351055860519409,3.3763060569763184,-2.462984561920166,-4.006314754486084,227.5572106666667,train
25.652246475219727,-21.036300659179688,1.0276286602020264,-8.424837112426758,-12.061530113220215,-1.8387985229492188,-4.244402885437012,3.127488851547241,-2.2860894203186035,-0.5891311168670654,-4.320729732513428,-4.553107261657715,6.018744468688965,-3.634261131286621,-2.464586019515991,1.8026819229125977,-4.633512496948242,0.1892034113407135,-0.19597561657428741,1.0318355560302734,-1.3014354705810547,-1.8471771478652954,-0.9435280561447144,-3.7622692584991455,-4.320601463317871,3.414400577545166,2.7286696434020996,2.097306489944458,2.5021257400512695,-0.7315225601196289,-1.1819071769714355,-3.153820514678955,0.17106500267982483,-0.7489409446716309,-1.7522962093353271,-3.3251540660858154,-0.3813333809375763,-2.3777852058410645,-1.9041810035705566,-0.14203834533691406,4.7799530029296875,1.0236945152282715,0.8803891539573669,-0.014941707253456116,1.5017693042755127,1.7206084728240967,3.841724157333374,-2.137664794921875,-2.535945177078247,0.04563889652490616,179.2902006666667,train
-32.58045959472656,13.969355583190918,20.966257095336914,24.841157913208008,-15.874995231628418,4.297317028045654,4.320401668548584,20.71318244934082,4.479719638824463,-3.4358983039855957,10.797784805297852,-1.8987154960632324,-1.3973129987716675,1.3369510173797607,0.9431862831115723,19.456130981445312,-1.312299132347107,-2.6682324409484863,-4.705786228179932,-1.133507251739502,10.673090934753418,4.357994079589844,5.529226779937744,3.7128255367279053,-0.11030042171478271,4.810655117034912,-5.613681793212891,3.607239007949829,0.42628321051597595,3.556824207305908,-5.999391555786133,1.3016014099121094,0.858622670173645,-0.32762426137924194,-0.3494049906730652,0.554204523563385,-0.6378508806228638,-1.3630435466766357,-0.9405792355537415,2.444410562515259,-1.9529589414596558,-0.4874444901943207,1.1063402891159058,0.5822131633758545,0.3215685188770294,2.3185126781463623,-0.3277115821838379,0.2874748408794403,-0.07120538502931595,0.30810174345970154,129.18515333333332,train
17.418119430541992,-30.108341217041016,-3.365962505340576,-6.921886444091797,-15.93941593170166,-3.9896292686462402,-5.79043436050415,3.1430110931396484,0.17287032306194305,5.39576530456543,0.4513188302516937,1.2922823429107666,7.378360271453857,-6.9989848136901855,-0.38112545013427734,3.921577215194702,-4.909878730773926,3.823427438735962,-3.4840428829193115,2.9104220867156982,1.1093462705612183,-1.8534332513809204,0.886469304561615,-0.9878377318382263,2.301572561264038,-1.9906659126281738,-1.101484775543213,-1.4199877977371216,-2.3256587982177734,1.266719937324524,-1.511552095413208,-0.5024252533912659,-1.147602915763855,0.0514424666762352,-0.5610142350196838,-1.1175535917282104,-2.4996376037597656,-2.1104555130004883,1.057159423828125,0.16478529572486877,-3.222402334213257,-1.1273068189620972,-2.122850179672241,-2.2080907821655273,-1.322803258895874,-1.2133774757385254,-4.28213357925415,1.0562044382095337,-2.0656797885894775,-1.0768264532089233,178.41062533333331,train
-10.416840553283691,13.931466102600098,21.379745483398438,3.2176501750946045,8.11397933959961,12.280055046081543,-13.786090850830078,-16.859542846679688,-15.954479217529297,-3.8667681217193604,-4.6412763595581055,7.065960884094238,-8.02125072479248,-9.727314949035645,-3.9083147048950195,1.9949250221252441,0.5801200866699219,-8.248546600341797,5.172158241271973,9.871210098266602,-2.6181139945983887,-6.8136749267578125,6.80828332901001,-5.083128929138184,8.02775764465332,-2.4324560165405273,-0.966808557510376,0.31007862091064453,8.588844299316406,-2.6631834506988525,-1.9144848585128784,-1.6052136421203613,-0.8539597988128662,-2.683973789215088,0.12132453918457031,-1.286118507385254,-2.4569244384765625,2.7363839149475098,-1.8600521087646484,-2.787513017654419,1.8619909286499023,0.8572788238525391,2.5846118927001953,2.328187942504883,3.7552828788757324,-0.8218088150024414,5.276275634765625,-1.3929697275161743,1.4877090454101562,2.0890305042266846,129.48620266666668,test
10.597204208374023,-13.272778511047363,4.15831995010376,13.538832664489746,1.1402555704116821,-16.45504379272461,11.72962474822998,4.568289756774902,2.1660780906677246,-6.855761528015137,-10.855921745300293,0.04116945341229439,1.9445480108261108,1.1267868280410767,5.479465484619141,-1.2704038619995117,-1.460811972618103,-4.575726509094238,-3.241469383239746,3.6565675735473633,1.6563853025436401,-6.984057426452637,0.4129812717437744,8.770469665527344,3.7417173385620117,-2.1154651641845703,2.2920165061950684,-0.0001625876611797139,-2.7945854663848877,-6.295210838317871,-5.8163862228393555,4.556714057922363,-2.0119826793670654,-2.8487415313720703,-1.2729114294052124,5.735289573669434,1.7297649383544922,4.98278284072876,-3.7692627906799316,2.014235019683838,4.054834365844727,-1.2735854387283325,-2.1894803047180176,0.1728384792804718,0.9538090229034424,-1.6286940574645996,2.8876242637634277,-1.9047133922576904,-3.3504674434661865,-1.6601347923278809,199.7199933333333,train
-3.9927024841308594,14.228515625,-33.546897888183594,-1.5785353183746338,-6.663450241088867,-2.555454730987549,-0.6867160797119141,-9.905004501342773,1.1836423873901367,0.40066659450531006,6.252486228942871,-1.5180597305297852,-4.526054382324219,7.123079299926758,8.114856719970703,1.5019850730895996,-2.611234664916992,-0.1494274139404297,0.348766565322876,0.46718788146972656,-3.841822624206543,7.999976634979248,-1.1022661924362183,-3.2987594604492188,-2.9204540252685547,-0.05781745910644531,2.4960577487945557,1.982736587524414,0.4129929542541504,-0.8984770774841309,-5.517595291137695,-3.790073871612549,-1.5274287462234497,-0.14432382583618164,2.5347886085510254,-2.1536407470703125,-1.352187156677246,-0.13670241832733154,-2.03884220123291,1.2803822755813599,1.6914324760437012,2.106879234313965,-0.3512272834777832,0.17482388019561768,-1.0605831146240234,-1.1425502300262451,3.7156782150268555,1.412647008895874,-3.0163803100585938,-2.829010486602783,172.47059066666668,test
34.08359909057617,3.3883023262023926,-0.2976051867008209,-0.4614729583263397,8.888172149658203,14.411643028259277,-0.6345700025558472,5.719892978668213,-2.6490516662597656,2.6399950981140137,-4.35590124130249,9.890325546264648,-8.762019157409668,1.3789253234863281,9.167490005493164,-0.35717734694480896,3.452723979949951,-4.062067031860352,2.3346099853515625,-3.8736307621002197,4.263306617736816,-6.0382981300354,-2.094158172607422,3.151210308074951,3.7658071517944336,0.35894864797592163,0.7208902835845947,-1.3047443628311157,-0.40286171436309814,0.2591366767883301,2.5447874069213867,-0.5532751679420471,3.803560733795166,1.4819233417510986,-1.5907148122787476,0.5609137415885925,1.7137523889541626,-6.437432765960693,1.3954098224639893,0.21170276403427124,3.0275096893310547,-0.5556659698486328,0.7352100610733032,-0.241953045129776,2.368398427963257,1.3955377340316772,3.2193217277526855,2.832972764968872,1.3503377437591553,-1.509251356124878,183.60581233333335,train
-34.504940032958984,-6.351316452026367,1.4245792627334595,17.388103485107422,-4.349024772644043,-4.4980363845825195,-15.677978515625,13.289787292480469,10.10106372833252,2.7058603763580322,1.8890092372894287,4.557436466217041,-6.146350860595703,3.3923397064208984,-3.206413984298706,5.481775760650635,2.7716875076293945,6.340370178222656,-0.3016740083694458,-4.06402587890625,-6.12165641784668,1.0832796096801758,-1.3663243055343628,-4.226500988006592,-5.863777160644531,-5.674230098724365,-0.6009724140167236,-0.260650634765625,1.568120002746582,0.6974930763244629,-4.009378910064697,-0.9128808975219727,-2.82572865486145,2.7696099281311035,-0.971217155456543,-1.0518970489501953,2.5019960403442383,-1.546293020248413,-0.8160281181335449,-2.2619621753692627,1.9967093467712402,1.5139799118041992,-2.2010297775268555,0.6796966791152954,0.3272824287414551,2.149919033050537,2.1857988834381104,0.9025890827178955,3.864093780517578,-0.18739557266235352,189.82226599999998,test
-37.975250244140625,-0.7199341058731079,7.373514175415039,-6.7172417640686035,-22.362133026123047,12.6992826461792,2.949442148208618,-6.611090660095215,-16.140398025512695,0.3958664834499359,-7.762887954711914,0.20040525496006012,6.986293315887451,3.936753988265991,-1.324701189994812,-2.4715497493743896,0.7645387053489685,5.649303436279297,4.8636250495910645,-2.287599563598633,-0.3625863790512085,1.7543076276779175,-10.449926376342773,2.7259154319763184,2.3022589683532715,2.57879638671875,0.7213709950447083,3.658200263977051,13.710598945617676,0.7113311886787415,-2.3996944427490234,4.376417636871338,5.245218753814697,3.2900869846343994,-0.6295683979988098,3.657369613647461,-0.5177071690559387,-0.3365810513496399,-0.8893932104110718,2.6274971961975098,-0.29025569558143616,-0.7835325598716736,-2.5618467330932617,-0.5344623923301697,-1.6951810121536255,0.5661453008651733,0.07576469331979752,-2.0848679542541504,0.35415613651275635,0.39131924510002136,251.08833433333334,train
10.819993019104004,12.253546714782715,8.811077117919922,-5.754969596862793,15.66636848449707,-15.491150856018066,-3.6340348720550537,3.6510915756225586,-2.0000483989715576,3.8214941024780273,3.6107232570648193,-4.435205459594727,3.7231216430664062,0.5775972008705139,-1.4524080753326416,4.624073505401611,-2.3304853439331055,0.07325479388237,1.5824320316314697,-8.863597869873047,-2.567889451980591,1.0775296688079834,-1.2560673952102661,-0.12613628804683685,-4.54443359375,0.3972208499908447,2.083904981613159,2.4081921577453613,-3.023252248764038,0.773381233215332,-0.8510393500328064,1.297318935394287,3.591780662536621,5.520308971405029,-0.18491196632385254,1.1056206226348877,-1.5052403211593628,-2.7535624504089355,-0.07493697106838226,0.4325767755508423,2.2582550048828125,3.386972665786743,-0.9689805507659912,-0.8275359272956848,-0.5570169687271118,-2.4419338703155518,-3.0772626399993896,-0.6378360986709595,-2.658313512802124,-0.32266703248023987,178.1312343333333,train
14.436142921447754,-0.5821651816368103,12.574198722839355,-6.684321880340576,8.356234550476074,16.730445861816406,3.83811616897583,0.172629714012146,7.411369323730469,5.136760711669922,-4.9375457763671875,2.1279540061950684,-6.27122688293457,0.16954897344112396,-2.1519899368286133,1.6174982786178589,-5.241041660308838,-0.6517866253852844,2.041410207748413,-3.6347739696502686,0.8608968257904053,-1.4847930669784546,-2.582183361053467,-6.098414421081543,3.9821836948394775,1.3983266353607178,-2.2508552074432373,0.1400282233953476,-1.158468246459961,0.24995386600494385,-2.8043465614318848,0.19622160494327545,-0.3074716031551361,-1.1487548351287842,-1.8222599029541016,-2.241655111312866,-2.0193018913269043,0.47217267751693726,-4.27293586730957,-1.458181619644165,-2.690333604812622,0.2362871915102005,-4.23462438583374,0.9727611541748047,1.1412416696548462,-1.6786131858825684,1.820711374282837,0.7564628720283508,0.9061187505722046,0.3481363356113434,205.34805100000003,train
-21.609111785888672,2.7730860710144043,-21.58839988708496,-2.998871326446533,2.988452434539795,8.020062446594238,2.5966155529022217,-0.5918897390365601,2.956897497177124,-5.600383758544922,-0.9692032933235168,-11.716347694396973,-3.338118076324463,4.495069980621338,-1.3931996822357178,-1.2786164283752441,-1.2565596103668213,0.545846700668335,0.8796115517616272,-2.277618408203125,0.9006739258766174,-2.2452621459960938,1.62037992477417,-1.1263786554336548,-5.814431190490723,0.6547969579696655,-0.8101598024368286,5.003227710723877,-2.477414846420288,-8.516624450683594,2.224663019180298,2.2535898685455322,1.4972909688949585,-2.26747989654541,-0.6051331162452698,-0.46854740381240845,-0.1814454048871994,-0.9543900489807129,-0.9287480711936951,2.1575052738189697,-2.485110282897949,0.1457694172859192,0.012819155119359493,-6.879190444946289,3.511615037918091,-2.7131354808807373,-2.126506805419922,-0.6007179617881775,2.2580418586730957,-2.6122334003448486,286.4346243333333,train
14.215919494628906,-15.425759315490723,6.610305309295654,6.5639543533325195,0.9936506748199463,22.523635864257812,0.45906415581703186,-8.61644458770752,8.463277816772461,-6.293546199798584,8.596149444580078,2.9436118602752686,-1.7286994457244873,-0.0834302231669426,-13.744937896728516,4.556149959564209,0.040354352444410324,-7.702906608581543,-1.169224500656128,8.035298347473145,-10.97947883605957,1.54004967212677,-2.3805270195007324,3.7354116439819336,-0.1771395057439804,7.856199741363525,-2.754672050476074,-4.028244972229004,-2.0718703269958496,-1.104049801826477,2.5323891639709473,5.751174449920654,-0.13667264580726624,3.2049407958984375,3.283600330352783,2.2887003421783447,-2.403282642364502,-1.8014975786209106,2.127943754196167,-0.010911516845226288,3.893202543258667,-2.1357157230377197,2.084883689880371,0.5428217649459839,0.07320576161146164,-1.2766728401184082,0.9900646805763245,0.005200222600251436,-0.43625015020370483,-1.8470039367675781,172.71533699999998,train
24.013931274414062,26.285503387451172,7.211475372314453,7.251525402069092,-7.6439385414123535,4.445132255554199,10.7778902053833,-4.517961502075195,11.285816192626953,2.82482647895813,-1.5795612335205078,-5.2770490646362305,4.59852409362793,2.7235116958618164,-0.554161548614502,-5.841700077056885,-0.4071788787841797,-2.534376859664917,-2.9180164337158203,-1.4068317413330078,-3.2626967430114746,1.696833610534668,-2.1791019439697266,-1.7614073753356934,1.7153501510620117,0.4607541561126709,1.4107027053833008,-3.8332929611206055,-0.5809183120727539,-0.7085118293762207,-0.7727187871932983,2.2213077545166016,-2.3380062580108643,-1.5131638050079346,-0.2708454132080078,-0.795109748840332,1.3991618156433105,-0.20324945449829102,0.00713348388671875,-1.6275215148925781,-2.0568079948425293,1.1119093894958496,1.1985068321228027,-1.5524566173553467,-0.19316816329956055,0.9917426109313965,1.1858463287353516,-0.8618578910827637,1.500685453414917,1.7299692630767822,171.00415933333332,test
22.220291137695312,-8.351542472839355,13.443367004394531,2.855888605117798,3.1086316108703613,7.865411758422852,1.9366674423217773,-8.593476295471191,2.8936922550201416,-0.014840692281723022,7.114712715148926,-1.133284091949463,-5.13301420211792,3.0200061798095703,-1.2908321619033813,-3.263190984725952,0.07784775644540787,3.612600564956665,1.7956600189208984,-3.9695510864257812,-4.569116592407227,2.932816743850708,5.559338569641113,1.8241069316864014,-0.658258318901062,-2.00060772895813,-0.2152923345565796,2.807983636856079,1.565485954284668,-1.8954224586486816,-3.900857925415039,-2.981930732727051,-0.6096501350402832,0.7255326509475708,3.547837972640991,1.353192925453186,-1.2414882183074951,1.171278476715088,-1.801588773727417,-1.7102329730987549,0.3643590807914734,1.471211552619934,0.6400237083435059,1.0455634593963623,3.6995303630828857,0.7133547067642212,-0.3127068281173706,-1.8837777376174927,-3.949355125427246,2.135389804840088,127.71227900000001,train
26.375455856323242,-8.935311317443848,-3.824708938598633,8.023980140686035,-3.236909866333008,-3.4561662673950195,1.9672489166259766,-3.6525344848632812,0.692021369934082,-7.827280044555664,-0.25203371047973633,-6.136590957641602,3.050086736679077,0.19518566131591797,-4.691247463226318,-1.196380615234375,4.01693058013916,-8.0365629196167,3.778225898742676,0.20341110229492188,-1.5883245468139648,2.844310760498047,-2.011643648147583,-2.62223482131958,-2.7708959579467773,-1.7394895553588867,2.5241189002990723,-1.2235965728759766,0.3240327835083008,1.2573060989379883,-1.705069899559021,1.3794708251953125,1.3382725715637207,-0.4261578321456909,2.567690849304199,-2.3415651321411133,-0.14622020721435547,-0.9252166152000427,-0.669105052947998,1.6887198686599731,-1.7829699516296387,0.633671760559082,1.3160018920898438,-0.8392722606658936,-1.7904129028320312,3.3597235679626465,-0.8750141859054565,-3.6127185821533203,-3.0688133239746094,2.196216583251953,196.2409845,test
-25.94023895263672,-1.7734287977218628,-15.486471176147461,26.55794334411621,9.82302188873291,-13.474274635314941,-1.9979418516159058,4.324467182159424,-2.6365087032318115,9.340675354003906,-6.85164737701416,0.6622952818870544,-7.030116081237793,1.2515826225280762,-0.6952840089797974,2.173475980758667,5.182491779327393,1.4025990962982178,7.183090686798096,1.3800339698791504,1.0950106382369995,3.9161319732666016,3.9593005180358887,-0.3921193480491638,-2.2028675079345703,-2.274534225463867,-3.268951892852783,-5.104053497314453,6.7524800300598145,-4.799617290496826,4.0544514656066895,2.6558873653411865,-7.58515739440918,5.4729790687561035,-3.6645843982696533,1.0885664224624634,-1.3962448835372925,-2.651259422302246,0.38354045152664185,-4.126573085784912,-2.1030917167663574,-0.15059050917625427,1.7156749963760376,-0.3129582107067108,2.7025508880615234,-0.7330252528190613,1.48027503490448,-1.8119935989379883,-3.2232651710510254,1.3216391801834106,268.42620800000003,train
