feature_idx,feature_name,pearson_r,pearson_p,pearson_abs,spearman_r,spearman_p,spearman_abs,feature_mean,feature_std,feature_min,feature_max
14,feature_14,0.8646634817123413,2.4945660481146823e-08,0.8646634817123413,0.8113778150308293,8.608593552279553e-07,0.8113778150308293,0.956217348575592,2.9499549865722656,-4.348362445831299,5.113373756408691
369,feature_369,0.8618624210357666,3.112197523859688e-08,0.8618624210357666,0.8430104783848578,1.2296453687589255e-07,0.8430104783848578,-2.825234889984131,3.947502374649048,-9.841949462890625,4.156630039215088
44,feature_44,0.8459001779556274,1.0080589731330014e-07,0.8459001779556274,0.8525002773910662,6.304649735705967e-08,0.8525002773910662,-0.5513260364532471,10.607601165771484,-24.999479293823242,12.84188461303711
125,feature_125,-0.8399441242218018,1.5117862394822584e-07,0.8399441242218018,-0.8343114959624998,2.1853869507204171e-07,0.8343114959624998,-1.8220546245574951,2.1796486377716064,-5.4154486656188965,1.965807557106018
87,feature_87,-0.828965425491333,3.0622892497704755e-07,0.828965425491333,-0.7836992345960544,3.59110726329738e-06,0.7836992345960544,-1.7354251146316528,4.875505447387695,-12.425416946411133,7.048215866088867
283,feature_283,-0.8254396319389343,3.8016311610049724e-07,0.8254396319389343,-0.787653317515308,2.966284355926156e-06,0.787653317515308,-0.2246108055114746,2.9907352924346924,-5.171588897705078,4.837647914886475
105,feature_105,-0.8223910331726074,4.5658907487679934e-07,0.8223910331726074,-0.8477553778879618,8.854390789044124e-08,0.8477553778879618,0.6909181475639343,2.211697578430176,-2.8247780799865723,6.353105068206787
60,feature_60,0.8207728266716003,5.025147767265417e-07,0.8207728266716003,0.8050512823600235,1.2168704876717187e-06,0.8050512823600235,1.675971269607544,1.5788260698318481,-1.4057730436325073,4.104679584503174
50,feature_50,0.8187646865844727,5.652399761132074e-07,0.8187646865844727,0.7394135059004145,2.4105013170874297e-05,0.7394135059004145,3.292933464050293,4.90728759765625,-7.331964492797852,10.529341697692871
341,feature_341,-0.8152185678482056,6.933320998147287e-07,0.8152185678482056,-0.7852808677637558,3.3283416133657883e-06,0.7852808677637558,-2.6376094818115234,3.2565066814422607,-8.206521987915039,2.805826425552368
176,feature_176,-0.8083884716033936,1.0154044911653907e-06,0.8083884716033936,-0.8216584306208885,4.768927084832436e-07,0.8216584306208885,-2.8641295433044434,2.7609000205993652,-7.954540252685547,2.0725443363189697
322,feature_322,-0.8075191974639893,1.0647782967785306e-06,0.8075191974639893,-0.8532910939749169,5.9508919808721823e-08,0.8532910939749169,0.7752466797828674,4.227349758148193,-4.614494323730469,9.310601234436035
362,feature_362,-0.7848783731460571,3.3935298432444373e-06,0.7848783731460571,-0.8264033301239928,3.5851318465414296e-07,0.8264033301239928,-0.8143664598464966,3.5636134147644043,-6.0066819190979,7.707134246826172
313,feature_313,-0.7778252363204956,4.736499877399034e-06,0.7778252363204956,-0.7417859556519667,2.1979741283559717e-05,0.7417859556519667,-3.6847097873687744,3.7577950954437256,-9.371269226074219,4.408362865447998
20,feature_20,-0.7741734981536865,5.60287215650624e-06,0.7741734981536865,-0.7235971742234003,4.354596132986229e-05,0.7235971742234003,4.672447681427002,3.233961820602417,-0.43574297428131104,11.328392028808594
109,feature_109,-0.7738049030303955,5.6977095687848096e-06,0.7738049030303955,-0.7599747370805331,1.0468593671106109e-05,0.7599747370805331,1.3383593559265137,3.133453845977783,-4.602743148803711,7.621395111083984
194,feature_194,-0.7686348557472229,7.1870912719821935e-06,0.7686348557472229,-0.76788290291904,7.43034150933564e-06,0.76788290291904,-0.19448180496692657,1.5283570289611816,-3.310415029525757,2.7212271690368652
301,feature_301,-0.7620456218719482,9.581802213899193e-06,0.7620456218719482,-0.7663012697513388,7.966023504412485e-06,0.7663012697513388,-4.1348700523376465,3.5597102642059326,-9.863114356994629,3.791043996810913
219,feature_219,0.7563808560371399,1.2181772284108932e-05,0.7563808560371399,0.7670920863351894,7.694037664426668e-06,0.7670920863351894,5.024286270141602,2.9772987365722656,-0.27583277225494385,12.702375411987305
217,feature_217,0.7548121213912964,1.3004535366966944e-05,0.7548121213912964,0.8066329155277251,1.1173186768363826e-06,0.8066329155277251,8.833687782287598,3.31091046333313,1.680962324142456,16.766454696655273
360,feature_360,0.7478502988815308,1.7282101347056085e-05,0.7478502988815308,0.6176277519874052,0.0010034213745256778,0.6176277519874052,1.3314573764801025,2.444533348083496,-3.0469086170196533,4.768795013427734
272,feature_272,0.7439234256744385,2.0208860155847e-05,0.7439234256744385,0.7829084180122037,3.7292992025649937e-06,0.7829084180122037,13.138030052185059,2.389052391052246,8.157115936279297,16.82467269897461
381,feature_381,-0.7438573837280273,2.0261622941690376e-05,0.7438573837280273,-0.6761481791923577,0.00020708262181015616,0.6761481791923577,3.623958110809326,4.40294075012207,-4.593645095825195,13.142569541931152
311,feature_311,0.7437171936035156,2.0374029476048225e-05,0.7437171936035156,0.6571685811799406,0.000358295597380713,0.6571685811799406,0.43650132417678833,2.6990745067596436,-4.431775093078613,5.802316188812256
54,feature_54,0.7433311343193054,2.0686438221187875e-05,0.7433311343193054,0.7338777898134595,2.9786342180735795e-05,0.7338777898134595,-0.04353834688663483,2.7794079780578613,-5.25722599029541,3.953800678253174
2,feature_2,0.742760956287384,2.115560286840073e-05,0.742760956287384,0.6801022621116113,0.00018381958907081358,0.6801022621116113,-0.8321731090545654,3.6212010383605957,-8.234130859375,4.1967902183532715
350,feature_350,-0.7359615564346313,2.752217995249651e-05,0.7359615564346313,-0.6555869480122393,0.00037441095013991416,0.6555869480122393,5.248281478881836,3.627648115158081,-0.14205732941627502,12.583595275878906
328,feature_328,-0.7316023707389832,3.244548569865032e-05,0.7316023707389832,-0.7172706415525947,5.4565240547292104e-05,0.7172706415525947,1.2778247594833374,3.1930906772613525,-4.576878547668457,7.290388584136963
115,feature_115,0.7294772863388062,3.5116260653735745e-05,0.7294772863388062,0.7441584054035189,2.0022113809624142e-05,0.7441584054035189,3.2931385040283203,3.1853268146514893,-4.332701683044434,8.974711418151855
175,feature_175,0.7243143320083618,4.243036177295692e-05,0.7243143320083618,0.6690308299377014,0.0002554976407960724,0.6690308299377014,4.507903575897217,2.548250436782837,-0.2128392457962036,9.438714981079102
134,feature_134,-0.7138880491256714,6.14107954274128e-05,0.7138880491256714,-0.6555869480122393,0.00037441095013991416,0.6555869480122393,1.165083646774292,3.1633925437927246,-4.113646507263184,7.765786647796631
245,feature_245,-0.7024951577186584,9.036220293852846e-05,0.7024951577186584,-0.6547961314283886,0.0003827026002911669,0.6547961314283886,-5.326425552368164,4.16422176361084,-12.087395668029785,3.0323896408081055
320,feature_320,0.700752317905426,9.571368282284607e-05,0.700752317905426,0.7038267596271325,8.645255001194416e-05,0.7038267596271325,-0.6546649932861328,4.545681476593018,-10.979716300964355,6.5308427810668945
308,feature_308,0.7007200717926025,9.581526541926197e-05,0.7007200717926025,0.6872196113662676,0.00014765798518174867,0.6872196113662676,-10.173218727111816,3.6993613243103027,-19.03835678100586,-4.615485191345215
41,feature_41,0.699476957321167,9.980431356738882e-05,0.699476957321167,0.697500226956327,0.00010644830260497775,0.697500226956327,1.7677788734436035,3.7141127586364746,-6.773902416229248,6.71986198425293
178,feature_178,0.6947999000549316,0.00011615089595191669,0.6947999000549316,0.6634951138507463,0.00029971660980482757,0.6634951138507463,-3.1420416831970215,4.803501605987549,-12.092011451721191,6.6552042961120605
298,feature_298,0.6944891810417175,0.00011731566306069695,0.6944891810417175,0.6729849128569548,0.00022750718173613734,0.6729849128569548,21.462926864624023,5.0664801597595215,7.660632133483887,30.113250732421875
243,feature_243,0.6926121711730957,0.00012457239944356531,0.6926121711730957,0.6358165334159716,0.0006358431640144845,0.6358165334159716,1.3544087409973145,2.7476823329925537,-3.5709261894226074,6.264541149139404
315,feature_315,0.6909005641937256,0.0001315299970549072,0.6909005641937256,0.7141073752171919,6.094503434890057e-05,0.7141073752171919,-0.44153720140457153,3.6763217449188232,-10.816679954528809,4.452975273132324
361,feature_361,-0.6832184195518494,0.00016713114526742807,0.6832184195518494,-0.6413522495029265,0.0005502397138437199,0.6413522495029265,-1.3151962757110596,1.8658571243286133,-4.097995281219482,3.540809154510498
273,feature_273,0.678066611289978,0.00019549299439536452,0.678066611289978,0.6959185937886254,0.00011204097185750324,0.6959185937886254,0.4299246668815613,2.1439898014068604,-3.2241249084472656,4.378617286682129
142,feature_142,0.6773284077644348,0.00019988364275306137,0.6773284077644348,0.7101532922979382,6.983802493439533e-05,0.7101532922979382,2.7388603687286377,2.8668642044067383,-4.2726898193359375,7.081387519836426
101,feature_101,0.673113226890564,0.00022664565772575538,0.673113226890564,0.722015541055699,4.6098293505583314e-05,0.722015541055699,2.869877576828003,2.300525665283203,-1.0537571907043457,7.921088695526123
270,feature_270,0.671979546546936,0.00023435703857431982,0.671979546546936,0.7117349254656398,6.615239830440939e-05,0.7117349254656398,2.018383026123047,2.284914970397949,-2.0814826488494873,6.102443695068359
325,feature_325,-0.670048177242279,0.00024802309113227983,0.670048177242279,-0.6540053148445377,0.0003911536035688868,0.6540053148445377,0.7312131524085999,1.9224588871002197,-2.457273006439209,4.46876335144043
179,feature_179,0.6673787832260132,0.00026805471188017996,0.6673787832260132,0.64530633242218,0.0004953901825018432,0.64530633242218,-4.493881702423096,2.403388738632202,-9.519912719726562,-1.2696093320846558
55,feature_55,-0.6610153317451477,0.0003215973829385516,0.6610153317451477,-0.6611226640991942,0.0003206222702674057,0.6611226640991942,3.9910922050476074,3.0266990661621094,-1.8089386224746704,10.844676971435547
252,feature_252,0.6587890386581421,0.00034241443940619777,0.6587890386581421,0.7623471868320851,9.458397576568047e-06,0.7623471868320851,2.597677230834961,2.338073968887329,-3.522341251373291,6.534358024597168
276,feature_276,0.6554837226867676,0.0003754843069689846,0.6554837226867676,0.5638522242855568,0.0033300337883021723,0.5638522242855568,-0.15277144312858582,2.4589037895202637,-5.3215203285217285,4.131971836090088
110,feature_110,-0.6542679071426392,0.00038832960085169053,0.6542679071426392,-0.63423490024827,0.0006623264239505301,0.63423490024827,2.5089762210845947,3.39516282081604,-4.120348930358887,9.739638328552246
304,feature_304,-0.649590253829956,0.00044138412913006175,0.649590253829956,-0.5717603901240639,0.0028269546702447447,0.5717603901240639,-6.648394584655762,3.6140944957733154,-12.204604148864746,0.8868231773376465
83,feature_83,-0.6422700881958008,0.0005370593314084078,0.6422700881958008,-0.6200002017389572,0.0009469503863625895,0.6200002017389572,-0.042193442583084106,3.0889909267425537,-4.991549491882324,5.886648654937744
106,feature_106,-0.6328021287918091,0.0006871363883199749,0.6328021287918091,-0.7180614581364453,5.3065419934231676e-05,0.7180614581364453,2.127807855606079,2.593351364135742,-2.52274227142334,9.775583267211914
136,feature_136,-0.6312225461006165,0.0007154171379538504,0.6312225461006165,-0.5622705911178554,0.003439269388167333,0.5622705911178554,-3.280547857284546,2.8362298011779785,-9.498552322387695,3.484032392501831
117,feature_117,0.6309636831283569,0.000720146561481522,0.6309636831283569,0.4958419980743957,0.011712730251424852,0.4958419980743957,-0.9648791551589966,4.335197925567627,-10.22833251953125,4.533535003662109
205,feature_205,-0.6265995502471924,0.0008040517992356968,0.6265995502471924,-0.5353828272669312,0.005816618236199662,0.5353828272669312,-2.5565624237060547,2.8095157146453857,-8.75522518157959,3.166123628616333
164,feature_164,-0.6256791353225708,0.0008227880834900419,0.6256791353225708,-0.6184185685712558,0.0009842835176234643,0.6184185685712558,3.1773769855499268,2.480957269668579,-0.8232699632644653,9.088250160217285
42,feature_42,-0.6246057748794556,0.0008451132274664993,0.6246057748794556,-0.6089287695650473,0.0012360523604109178,0.6089287695650473,-1.635652780532837,3.551121711730957,-7.661922931671143,8.125333786010742
107,feature_107,0.6186927556991577,0.0009777220655886676,0.6186927556991577,0.5417093599377368,0.005159863416429074,0.5417093599377368,-1.6069585084915161,3.326219320297241,-9.050601959228516,3.403273582458496
240,feature_240,-0.6166987419128418,0.0010263126277192797,0.6166987419128418,-0.5290562945961256,0.006542224216061955,0.5290562945961256,-6.569522857666016,2.311999797821045,-10.806429862976074,-1.6809298992156982
61,feature_61,0.6147218346595764,0.0010765272413524555,0.6147218346595764,0.5954848876395853,0.0016864672185048575,0.5954848876395853,0.25987470149993896,1.5234501361846924,-2.638190746307373,3.991049289703369
203,feature_203,-0.6119277477264404,0.0011511016711877966,0.6119277477264404,-0.6381889831675236,0.0005978392153476746,0.6381889831675236,4.589405059814453,2.996429920196533,-2.4051408767700195,10.089117050170898
19,feature_19,0.6106146574020386,0.0011876570731453786,0.6106146574020386,0.5622705911178554,0.003439269388167333,0.5622705911178554,-0.5249637365341187,2.730253219604492,-6.372044563293457,3.5862295627593994
167,feature_167,0.6084014773368835,0.001251532934465534,0.6084014773368835,0.5211481287576184,0.007554515868644014,0.5211481287576184,-0.04442558437585831,2.8194422721862793,-5.163444995880127,4.222557544708252
189,feature_189,-0.6080434322357178,0.0012621394528086454,0.6080434322357178,-0.5314287443476776,0.006261708167574351,0.5314287443476776,-0.4640920162200928,2.715855121612549,-4.74155330657959,5.510697364807129
23,feature_23,0.603956937789917,0.0013887801308654821,0.603956937789917,0.6326532670805686,0.0006897596304908845,0.6326532670805686,-3.501258611679077,2.4580307006835938,-10.762017250061035,0.49330011010169983
297,feature_297,0.6022342443466187,0.0014453501662368272,0.6022342443466187,0.6500512319252844,0.00043588995630295356,0.6500512319252844,-12.757990837097168,4.20148229598999,-22.950153350830078,-4.216177463531494
153,feature_153,-0.6017733812332153,0.0014608153063507693,0.6017733812332153,-0.6223726514905094,0.0008932429846060803,0.6223726514905094,-3.0888898372650146,2.2044456005096436,-6.847203254699707,2.029569625854492
28,feature_28,-0.5979396104812622,0.001595064552194076,0.5979396104812622,-0.5772961062110188,0.0025146154786709635,0.5772961062110188,-5.07227897644043,2.4771604537963867,-8.624065399169922,2.1885175704956055
274,feature_274,0.5978379845619202,0.0015987625191221835,0.5978379845619202,0.5733420232917653,0.0027345198318110987,0.5733420232917653,4.686528205871582,1.9677784442901611,0.2632496953010559,9.285773277282715
185,feature_185,-0.597408652305603,0.0016144663273435025,0.597408652305603,-0.5338011940992298,0.005991353466895918,0.5338011940992298,-4.605525970458984,3.293640375137329,-10.504781723022461,1.6813968420028687
126,feature_126,-0.5967055559158325,0.0016404693585248757,0.5967055559158325,-0.5527807921116468,0.004160562929602056,0.5527807921116468,-4.01230001449585,2.5353357791900635,-7.774029731750488,1.698514699935913
280,feature_280,-0.5964215397834778,0.0016510746463192466,0.5964215397834778,-0.6081379529811966,0.001259331943007521,0.6081379529811966,14.957391738891602,5.5466156005859375,5.210165977478027,27.1009521484375
233,feature_233,0.5961960554122925,0.001659536131890332,0.5961960554122925,0.5725512067079146,0.002780410371369331,0.5725512067079146,-1.9840528964996338,3.367532253265381,-9.692758560180664,2.941335439682007
358,feature_358,0.5959450006484985,0.0016690008721625155,0.5959450006484985,0.5891583549687796,0.001942990448096961,0.5891583549687796,3.528552532196045,2.5942769050598145,-2.7015199661254883,8.111069679260254
124,feature_124,0.5898363590240479,0.0019139926403943458,0.5898363590240479,0.5409185433538862,0.005238374807459379,0.5409185433538862,0.9428672194480896,2.6492769718170166,-3.1384854316711426,6.564581871032715
383,feature_383,0.5862231850624084,0.0020729019212466977,0.5862231850624084,0.5844134554656752,0.002156644118314264,0.5844134554656752,0.7202064394950867,2.9053146839141846,-5.612980365753174,6.346314907073975
91,feature_91,-0.5774418115615845,0.0025068090097986524,0.5774418115615845,-0.5282654780122747,0.006638038752006366,0.5282654780122747,-2.758906841278076,1.8901216983795166,-7.1435980796813965,1.377038836479187
303,feature_303,-0.5760799050331116,0.002580588135022282,0.5760799050331116,-0.544081809689289,0.004930249375326937,0.544081809689289,-2.6740567684173584,2.6471261978149414,-7.0680952072143555,3.289015293121338
352,feature_352,0.5738692283630371,0.0027042860065997123,0.5738692283630371,0.5543624252793483,0.004032160531207625,0.5543624252793483,2.693452835083008,2.7491707801818848,-3.2452642917633057,6.9256792068481445
329,feature_329,0.5725635290145874,0.002779690321817846,0.5725635290145874,0.5749236564594666,0.002644670357562801,0.5749236564594666,-0.9385901689529419,3.48026180267334,-8.435025215148926,4.562453746795654
147,feature_147,0.5725588202476501,0.002779965458181202,0.5725588202476501,0.5954848876395853,0.0016864672185048575,0.5954848876395853,1.3805721998214722,3.410470485687256,-8.17148494720459,6.7399749755859375
95,feature_95,0.5714291334152222,0.0028466471852887734,0.5714291334152222,0.6144644856520023,0.0010832172136625111,0.6144644856520023,-0.3065768778324127,2.6376993656158447,-4.545675277709961,3.4211924076080322
171,feature_171,0.5644205808639526,0.0032915061829593183,0.5644205808639526,0.5219389453414691,0.007447734833837163,0.5219389453414691,-0.5869579315185547,1.823478102684021,-4.5679779052734375,2.010390281677246
367,feature_367,0.563944399356842,0.003323759574454765,0.563944399356842,0.5591073247824525,0.0036668799481527846,0.5591073247824525,-7.381692409515381,2.957681894302368,-12.138224601745605,-2.146555185317993
330,feature_330,-0.5627228021621704,0.0034077315741448,0.5627228021621704,-0.448393003043353,0.024572011244200102,0.448393003043353,1.0008807182312012,1.9073891639709473,-2.104074239730835,5.737468242645264
22,feature_22,0.5623059272766113,0.0034367961123819204,0.5623059272766113,0.4800256663973814,0.015163039261247131,0.4800256663973814,5.453349590301514,6.001661777496338,-9.753788948059082,13.739082336425781
138,feature_138,0.5593699216842651,0.0036475115382655584,0.5593699216842651,0.4681634176396207,0.018264808126184064,0.4681634176396207,-1.6138626337051392,1.7816002368927002,-4.8150248527526855,1.7366390228271484
332,feature_332,-0.5561449527740479,0.0038914823031642523,0.5561449527740479,-0.5092858799998577,0.009316134747339083,0.5092858799998577,2.6246273517608643,2.7323899269104004,-1.9096112251281738,9.596044540405273
271,feature_271,0.5541079640388489,0.0040525893467852755,0.5541079640388489,0.4958419980743957,0.011712730251424852,0.4958419980743957,1.2417254447937012,3.7560172080993652,-6.903893947601318,6.868192672729492
323,feature_323,0.552731990814209,0.004164579123461483,0.552731990814209,0.5417093599377368,0.005159863416429074,0.5417093599377368,-1.5307707786560059,2.4789316654205322,-7.275667667388916,2.627256155014038
121,feature_121,-0.5526734590530396,0.004169400426583387,0.5526734590530396,-0.5053317970806042,0.009974298558516592,0.5053317970806042,-1.5575611591339111,2.5347864627838135,-6.297048568725586,3.729736804962158
237,feature_237,-0.5465859174728394,0.004697296248820027,0.5465859174728394,-0.5780869227948696,0.002472493515735493,0.5780869227948696,-4.573260307312012,1.6689410209655762,-7.354651927947998,0.21469181776046753
118,feature_118,-0.5457483530044556,0.004774157207849877,0.5457483530044556,-0.5867859052172274,0.002047436220926187,0.5867859052172274,3.117910861968994,2.767483711242676,-2.595980405807495,10.926712989807129
62,feature_62,-0.5455881357192993,0.004788980094962228,0.5455881357192993,-0.43415830453404025,0.030120764995419113,0.43415830453404025,0.6036061644554138,2.261847972869873,-3.316657781600952,7.326737403869629
229,feature_229,-0.5455197095870972,0.004795322520094341,0.5455197095870972,-0.4982144478259478,0.01125625250800639,0.4982144478259478,3.295774221420288,3.232813835144043,-3.9140357971191406,8.754156112670898
99,feature_99,0.5426039695739746,0.005072244468871585,0.5426039695739746,0.46262770155266586,0.019879872877889844,0.46262770155266586,-1.314635157585144,2.1953113079071045,-5.194200038909912,2.698214530944824
255,feature_255,-0.5423346161842346,0.005098492317551308,0.5423346161842346,-0.5709695735402133,0.0028741602230795407,0.5709695735402133,-2.755547523498535,5.501719951629639,-12.248126983642578,15.221654891967773
300,feature_300,0.5401424169540405,0.005316403272156966,0.5401424169540405,0.6176277519874052,0.0010034213745256778,0.6176277519874052,1.6223150491714478,1.6238701343536377,-2.1260812282562256,4.248222827911377
65,feature_65,0.5382481813430786,0.0055109587772311265,0.5382481813430786,0.5654338574532581,0.0032237566945017945,0.5654338574532581,-0.43313735723495483,2.3051586151123047,-5.872152805328369,2.891796588897705
69,feature_69,-0.5326703786849976,0.006118967747691599,0.5326703786849976,-0.5820410057141231,0.0022707892940461278,0.5820410057141231,-1.7198253870010376,2.734293222427368,-6.333466529846191,5.079150199890137
223,feature_223,0.5321435928344727,0.006179190746020539,0.5321435928344727,0.5235205785091706,0.007237954796113211,0.5235205785091706,2.8685576915740967,2.333829402923584,-2.7743499279022217,6.660633563995361
312,feature_312,0.5283000469207764,0.006633825980679902,0.5283000469207764,0.43573993770174163,0.029458705128735083,0.43573993770174163,8.718650817871094,4.248344421386719,-4.586596488952637,15.228462219238281
236,feature_236,-0.5282446146011353,0.006640582375084766,0.5282446146011353,-0.42941340503093595,0.03217875517888084,0.42941340503093595,-5.599358081817627,2.9897775650024414,-9.90952205657959,2.518268346786499
198,feature_198,-0.5281233191490173,0.006655386643237372,0.5281233191490173,-0.4721175005588743,0.017178082731762283,0.4721175005588743,0.8746727705001831,3.533412456512451,-7.624173641204834,6.245167255401611
174,feature_174,-0.5278098583221436,0.006693773075492071,0.5278098583221436,-0.4404848372048459,0.027542274622944216,0.4404848372048459,-3.014294147491455,1.8572427034378052,-6.045407772064209,0.8140894174575806
68,feature_68,-0.5259900689125061,0.006920307615195198,0.5259900689125061,-0.4926787317389928,0.01234507776499431,0.4926787317389928,-2.2063424587249756,3.181194305419922,-8.007131576538086,3.572150468826294
26,feature_26,0.5230929851531982,0.007294175085052911,0.5230929851531982,0.48635219906818716,0.013694476342964512,0.48635219906818716,-1.2617555856704712,2.869965076446533,-7.018548488616943,4.216827869415283
163,feature_163,-0.521869421005249,0.007457071576961727,0.521869421005249,-0.4847705659004857,0.014050148936322148,0.4847705659004857,-4.047385215759277,1.6338714361190796,-6.746316432952881,0.2228950560092926
77,feature_77,-0.5166463851928711,0.008187035900530153,0.5166463851928711,-0.4958419980743957,0.011712730251424852,0.4958419980743957,4.457382678985596,2.2067508697509766,0.4873332977294922,9.22205638885498
149,feature_149,-0.5165584087371826,0.008199823875519848,0.5165584087371826,-0.5401277267700355,0.005317889541965466,0.5401277267700355,-2.410797357559204,2.28469181060791,-5.636948585510254,3.1249094009399414
116,feature_116,0.5164048671722412,0.008222182096567996,0.5164048671722412,0.4926787317389928,0.01234507776499431,0.4926787317389928,-1.2504249811172485,2.140468120574951,-5.982310771942139,1.7363998889923096
296,feature_296,0.5142046809196472,0.008548191946001309,0.5142046809196472,0.4610460683849643,0.020362076552988488,0.4610460683849643,4.357716083526611,2.3992326259613037,-0.9668768644332886,8.87729263305664
100,feature_100,-0.5123065710067749,0.008838030394438257,0.5123065710067749,-0.4547195357141587,0.022386933031060763,0.4547195357141587,-6.30190896987915,2.502342462539673,-10.154934883117676,1.1152927875518799
72,feature_72,-0.5065467357635498,0.009768085926151322,0.5065467357635498,-0.49346954832284357,0.012184408297850776,0.49346954832284357,-7.310153007507324,2.3064212799072266,-10.72553539276123,-0.5876959562301636
90,feature_90,0.5063630938529968,0.009799026470889986,0.5063630938529968,0.6192093851551066,0.0009654612958097342,0.6192093851551066,6.177373886108398,3.208604574203491,-1.0670948028564453,13.284170150756836
52,feature_52,0.5017289519309998,0.010607173414329702,0.5017289519309998,0.5227297619253198,0.00734221836955303,0.5227297619253198,-0.3910619616508484,1.6358494758605957,-3.627662181854248,2.279932737350464
370,feature_370,0.500497579574585,0.0108309632211031,0.500497579574585,0.40331645776386255,0.0455888322684154,0.40331645776386255,0.8290731906890869,3.36380934715271,-6.607575416564941,6.404790878295898
284,feature_284,-0.5002719163894653,0.010872396392146426,0.5002719163894653,-0.4009440080123104,0.046997912206102575,0.4009440080123104,-1.3744195699691772,1.7927252054214478,-5.039981842041016,2.467848300933838
38,feature_38,0.4998100996017456,0.010957598252738445,0.4998100996017456,0.4238776889439809,0.03472012003969825,0.4238776889439809,-3.346578359603882,2.097928762435913,-7.744670391082764,0.5758803486824036
188,feature_188,0.4996395707130432,0.0109891990795759,0.4996395707130432,0.5361736438507819,0.00573086906615941,0.5361736438507819,-1.6735538244247437,3.2440319061279297,-9.510026931762695,4.249608039855957
305,feature_305,-0.48934420943260193,0.013041914156120545,0.48934420943260193,-0.5488267091923933,0.00449677926286812,0.5488267091923933,1.3247666358947754,1.8441784381866455,-3.2179994583129883,5.791368007659912
241,feature_241,0.48721277713775635,0.013504087959925686,0.48721277713775635,0.47132668397502364,0.01739108719729661,0.47132668397502364,-0.5912884473800659,2.3261373043060303,-6.497901916503906,4.1426496505737305
268,feature_268,-0.4863753318786621,0.013689329851174041,0.4863753318786621,-0.3685205280744312,0.06988210572972824,0.3685205280744312,-6.121837139129639,2.9923205375671387,-10.013528823852539,0.9941942691802979
82,feature_82,-0.47847601771354675,0.015541798177743699,0.47847601771354675,-0.5092858799998577,0.009316134747339083,0.5092858799998577,1.1777091026306152,1.8501530885696411,-1.419029951095581,7.491074085235596
295,feature_295,-0.4783172607421875,0.01558103527613666,0.4783172607421875,-0.3930358421738033,0.05194295488353539,0.3930358421738033,0.25869300961494446,1.9793751239776611,-3.4758365154266357,3.3280279636383057
43,feature_43,0.477669358253479,0.015742009047619094,0.477669358253479,0.4009440080123104,0.046997912206102575,0.4009440080123104,-3.0650110244750977,2.689084053039551,-9.320131301879883,1.0429434776306152
202,feature_202,-0.4739327132701874,0.016697220808036123,0.4739327132701874,-0.41517870652162314,0.03903406032544247,0.41517870652162314,-6.2275285720825195,1.7958483695983887,-8.959393501281738,-1.4485758543014526
257,feature_257,-0.4725012481212616,0.017075492830042706,0.4725012481212616,-0.472908317142725,0.016967216545221344,0.472908317142725,-1.2917801141738892,1.5304025411605835,-5.480093002319336,0.9204429388046265
187,feature_187,-0.46817338466644287,0.01826199994190002,0.46817338466644287,-0.47053586739117287,0.017606245909969745,0.47053586739117287,-2.0843167304992676,2.3237497806549072,-6.4508466720581055,3.453334331512451
222,feature_222,0.467172235250473,0.018545836809260523,0.467172235250473,0.40331645776386255,0.0455888322684154,0.40331645776386255,3.755603551864624,3.28409743309021,-3.903218984603882,9.131882667541504
27,feature_27,0.46505531668663025,0.019157863565086287,0.46505531668663025,0.34637766372661133,0.08984969826949415,0.34637766372661133,7.54543924331665,2.402233123779297,1.7853808403015137,11.887109756469727
340,feature_340,0.46369731426239014,0.019559072052595758,0.46369731426239014,0.5203573121737677,0.007662573223148677,0.5203573121737677,5.251528263092041,1.9884229898452759,0.7044839859008789,8.741127967834473
264,feature_264,-0.46345868706703186,0.01963027380533665,0.46345868706703186,-0.3107909174533293,0.13050050408198544,0.3107909174533293,-3.1369519233703613,3.22309947013855,-7.824237823486328,4.491580486297607
375,feature_375,-0.460836261510849,0.02042675030655855,0.460836261510849,-0.39461747534150465,0.050922832614746415,0.39461747534150465,2.5347940921783447,0.8322653770446777,0.49155935645103455,4.08294153213501
181,feature_181,-0.46024951338768005,0.02060850484273121,0.46024951338768005,-0.437321570869443,0.02880836771614393,0.437321570869443,5.6209588050842285,2.2562954425811768,0.3913031220436096,9.20443058013916
157,feature_157,-0.4588673710823059,0.021041844833670397,0.4588673710823059,-0.45946443521726293,0.0208537493837038,0.45946443521726293,1.1882282495498657,2.3715262413024902,-3.3737311363220215,5.655894756317139
98,feature_98,0.457049161195755,0.021623147619968516,0.457049161195755,0.4436481035402488,0.026321321494317266,0.4436481035402488,4.1810383796691895,2.135127305984497,-2.8708319664001465,7.541085243225098
195,feature_195,-0.4537135660648346,0.02272343749307712,0.4537135660648346,-0.40568890751541464,0.044213163562967325,0.40568890751541464,2.78035306930542,2.3782057762145996,-1.9625098705291748,6.854578018188477
32,feature_32,0.44982871413230896,0.02406162754566824,0.44982871413230896,0.30446438478252363,0.13893224402815543,0.30446438478252363,12.855843544006348,2.971588134765625,4.981866359710693,17.431238174438477
220,feature_220,0.44935858249664307,0.024227802952304766,0.44935858249664307,0.3313521486334478,0.10565632964478017,0.3313521486334478,-0.2625589370727539,5.033960819244385,-14.294663429260254,6.665640354156494
144,feature_144,-0.44473981857299805,0.02591021107513926,0.44473981857299805,-0.2989286686955687,0.1466250839915796,0.2989286686955687,-8.071136474609375,2.812757730484009,-14.736518859863281,-1.7048602104187012
1,feature_1,-0.44436556100845337,0.02605055912516252,0.44436556100845337,-0.43494912111789086,0.02978826056735741,0.43494912111789086,-2.275754690170288,2.2557740211486816,-7.45009708404541,2.655461311340332
96,feature_96,-0.44215428829193115,0.0268923505418732,0.44215428829193115,-0.4088521738508174,0.04242999893549479,0.4088521738508174,-0.7631784081459045,2.4782063961029053,-5.392607688903809,3.736299753189087
84,feature_84,-0.44015783071517944,0.027671046776127133,0.44015783071517944,-0.3764286939129383,0.06364272464186763,0.3764286939129383,4.704986095428467,3.129103422164917,-4.231750011444092,11.555822372436523
182,feature_182,-0.4391615688800812,0.028066352352127875,0.4391615688800812,-0.41596952310547386,0.03862516412242137,0.41596952310547386,-3.073923110961914,2.6652042865753174,-7.054386615753174,3.414368152618408
53,feature_53,-0.4277765452861786,0.03291421465115487,0.4277765452861786,-0.393826658757654,0.051430919581298,0.393826658757654,-0.13538965582847595,1.8808778524398804,-4.842581272125244,2.9670779705047607
226,feature_226,-0.42632630467414856,0.03357697787926928,0.42632630467414856,-0.42308687236013026,0.035095863273559874,0.42308687236013026,-3.5980069637298584,1.3485430479049683,-6.0354743003845215,-1.0341123342514038
290,feature_290,0.42572832107543945,0.03385333770883769,0.42572832107543945,0.30604601795022507,0.13678856693587063,0.30604601795022507,5.044009685516357,2.6334121227264404,-1.1734226942062378,8.970211029052734
132,feature_132,-0.42344051599502563,0.03492743738199191,0.42344051599502563,-0.48951546540359,0.01300535272243304,0.48951546540359,0.7330804467201233,2.9986395835876465,-4.93263053894043,6.087518692016602
165,feature_165,-0.4223472774028778,0.03545019153439051,0.4223472774028778,-0.35112256322971563,0.08524756807907793,0.35112256322971563,0.16919074952602386,2.193453073501587,-2.8921737670898438,4.994110107421875
307,feature_307,-0.42164134979248047,0.03579103929912599,0.42164134979248047,-0.3930358421738033,0.05194295488353539,0.3930358421738033,-5.5220770835876465,1.9072914123535156,-8.88545036315918,-2.138955593109131
86,feature_86,0.4200321435928345,0.03657776737349813,0.4200321435928345,0.4088521738508174,0.04242999893549479,0.4088521738508174,-0.7318709492683411,2.860996961593628,-9.496095657348633,4.341044902801514
263,feature_263,-0.41936299204826355,0.036908927007634984,0.41936299204826355,-0.4120154401862203,0.04070404535184482,0.4120154401862203,0.2554590702056885,2.061093330383301,-4.801548957824707,4.225217342376709
168,feature_168,0.41835296154022217,0.037413290297277565,0.41835296154022217,0.3851276763352961,0.05728480877110592,0.3851276763352961,-2.9960014820098877,2.105091094970703,-9.350605964660645,-0.0049025509506464005
13,feature_13,-0.41775548458099365,0.03771420803956186,0.41775548458099365,-0.44285728695639803,0.026622391140775817,0.44285728695639803,-1.7995437383651733,3.2164740562438965,-9.095121383666992,3.205195188522339
339,feature_339,0.4166596829891205,0.03827109331080694,0.4166596829891205,0.3732654275775355,0.06608478813475153,0.3732654275775355,7.590700626373291,2.976349115371704,1.4718762636184692,12.993597030639648
162,feature_162,0.41524893045425415,0.03899761253313519,0.41524893045425415,0.35744909590052126,0.07939073959764607,0.35744909590052126,5.026240348815918,3.0429513454437256,-1.7987089157104492,10.591828346252441
151,feature_151,-0.4140075445175171,0.03964590613766245,0.4140075445175171,-0.4420664703725473,0.02692622787869147,0.4420664703725473,2.78126859664917,2.0433452129364014,-1.9979801177978516,7.090909957885742
158,feature_158,-0.41270706057548523,0.04033418004249541,0.41270706057548523,-0.45788280204956155,0.021355025945246457,0.45788280204956155,0.9782119989395142,1.2753405570983887,-1.9258008003234863,3.118199348449707
183,feature_183,0.41260474920272827,0.040388726086148775,0.41260474920272827,0.2783674375154502,0.1778541627389389,0.2783674375154502,1.5559791326522827,2.2137067317962646,-2.4043521881103516,5.935488700866699
337,feature_337,0.41146954894065857,0.04099786614053759,0.41146954894065857,0.3898725758384004,0.054030974089282764,0.3898725758384004,1.33642578125,1.9966154098510742,-2.245107412338257,6.252643585205078
190,feature_190,0.4112388491630554,0.041122540702958836,0.4112388491630554,0.3969899250930568,0.04942206455640344,0.3969899250930568,-5.941454887390137,2.501664876937866,-10.035679817199707,-0.24261948466300964
211,feature_211,-0.4106871485710144,0.04142190488268712,0.4106871485710144,-0.41834197285702596,0.03741880746599627,0.41834197285702596,0.06487175077199936,2.9994699954986572,-5.341670036315918,7.743436813354492
206,feature_206,-0.4101247191429138,0.04172885954839835,0.4101247191429138,-0.3693113446582819,0.06923788734945203,0.3693113446582819,0.21061821281909943,2.46431827545166,-5.082987308502197,5.134396553039551
251,feature_251,-0.40888044238090515,0.04241432345688388,0.40888044238090515,-0.3092092842856279,0.13257281754936553,0.3092092842856279,-1.981143593788147,1.3698440790176392,-4.148983001708984,1.129551649093628
215,feature_215,0.40753820538520813,0.043163678063897065,0.40753820538520813,0.5559440584470497,0.003907126307642351,0.5559440584470497,1.607469081878662,2.408616542816162,-4.937283039093018,6.3426899909973145
346,feature_346,0.40645158290863037,0.04377793499337431,0.40645158290863037,0.4610460683849643,0.020362076552988488,0.4610460683849643,-1.159125566482544,2.1757047176361084,-4.8740129470825195,2.596116304397583
231,feature_231,-0.40612348914146423,0.043964749704354815,0.40612348914146423,-0.36772971149058054,0.07053090254951767,0.36772971149058054,1.5700374841690063,1.9412695169448853,-2.123373031616211,4.534730434417725
8,feature_8,-0.4005337357521057,0.04724501448713963,0.4005337357521057,-0.317117450124135,0.12244544184434049,0.317117450124135,0.5170497298240662,2.007835865020752,-3.053633451461792,5.023107528686523
21,feature_21,0.3960622251033783,0.05000473471574603,0.3960622251033783,0.37563787732908754,0.06424661769212986,0.37563787732908754,3.483302593231201,1.9609873294830322,0.15827739238739014,6.564682960510254
30,feature_30,-0.39599594473838806,0.05004656876755809,0.39599594473838806,-0.40331645776386255,0.0455888322684154,0.40331645776386255,-5.396409511566162,1.9678412675857544,-8.934706687927246,-1.1037875413894653
6,feature_6,0.3950842320919037,0.05062479381972448,0.3950842320919037,0.3961991085092061,0.04991842481176858,0.3961991085092061,6.473388671875,3.3232369422912598,-0.24453741312026978,12.744656562805176
197,feature_197,0.3859407901763916,0.0567166837515069,0.3859407901763916,0.40410727434771315,0.04512658978592196,0.40410727434771315,10.009110450744629,2.8199872970581055,2.832791805267334,15.570704460144043
199,feature_199,-0.3851482570171356,0.05727037475818782,0.3851482570171356,-0.257015389751481,0.21488316326716222,0.257015389751481,-3.9222240447998047,2.1869590282440186,-7.04554557800293,1.6119966506958008
294,feature_294,-0.38105443120002747,0.060197513778153265,0.38105443120002747,-0.262551105838436,0.20482223349922404,0.262551105838436,-5.261807441711426,2.6479909420013428,-10.163667678833008,2.468503475189209
137,feature_137,-0.3795843720436096,0.06127638713293697,0.3795843720436096,-0.39936237484460896,0.04795612205158114,0.39936237484460896,-5.837313175201416,3.8187344074249268,-12.660333633422852,4.362160682678223
373,feature_373,0.3791828751564026,0.06157362513137576,0.3791828751564026,0.31474500037258285,0.12542245391104273,0.31474500037258285,2.3537702560424805,2.234575033187866,-2.565201997756958,6.410036087036133
286,feature_286,-0.3781070113182068,0.062375602528886034,0.3781070113182068,-0.37563787732908754,0.06424661769212986,0.37563787732908754,-3.9022927284240723,2.2233726978302,-8.49386215209961,0.8137996196746826
0,feature_0,0.3779529631137848,0.06249109049676029,0.3779529631137848,0.3764286939129383,0.06364272464186763,0.3764286939129383,1.0038751363754272,2.3897464275360107,-6.069108486175537,4.021109580993652
247,feature_247,0.37045615911483765,0.06831336532158916,0.37045615911483765,0.3258164325464928,0.11196985696968256,0.3258164325464928,-1.7228648662567139,1.8684881925582886,-6.267725944519043,1.512524962425232
67,feature_67,0.3685961961746216,0.06982026688535178,0.3685961961746216,0.2767858043477488,0.18043385613893181,0.2767858043477488,1.363064169883728,2.48791241645813,-4.313256740570068,4.837825775146484
357,feature_357,-0.3652079105377197,0.07263062654980548,0.3652079105377197,-0.4048980909315639,0.04466804007189651,0.4048980909315639,2.0533838272094727,1.3340609073638916,-0.36159902811050415,4.515122413635254
80,feature_80,0.3649763762950897,0.07282577412717772,0.3649763762950897,0.317117450124135,0.12244544184434049,0.317117450124135,3.978153944015503,1.9413630962371826,-0.4817548394203186,6.801100254058838
366,feature_366,0.36175382137298584,0.07558362804546681,0.36175382137298584,0.38196440999989334,0.059537079149126336,0.38196440999989334,-1.1026108264923096,2.319765567779541,-6.29543399810791,2.702907085418701
344,feature_344,0.3587876260280609,0.07819169193598167,0.3587876260280609,0.3835460431675947,0.058402533910674174,0.3835460431675947,-0.7848687171936035,2.86403489112854,-9.821850776672363,2.8195865154266357
143,feature_143,-0.3579268157482147,0.07896121141954975,0.3579268157482147,-0.23487252540366113,0.25841783542770946,0.23487252540366113,3.0597493648529053,3.136922836303711,-3.4734256267547607,11.47933578491211
209,feature_209,0.3513951003551483,0.08498873746757264,0.3513951003551483,0.40173482459616106,0.04652447387492942,0.40173482459616106,1.8259848356246948,2.6964163780212402,-2.474459171295166,7.51329231262207
321,feature_321,-0.3513262867927551,0.08505403422893763,0.3513262867927551,-0.3186990832918364,0.12048959203191356,0.3186990832918364,-12.890020370483398,2.816657066345215,-19.148590087890625,-5.9985809326171875
253,feature_253,-0.35124748945236206,0.0851288509967006,0.35124748945236206,-0.17002556552790282,0.4164783377783705,0.17002556552790282,3.7163238525390625,1.5695029497146606,1.539766788482666,8.387308120727539
235,feature_235,-0.348888099193573,0.08739212330134695,0.348888099193573,-0.4120154401862203,0.04070404535184482,0.4120154401862203,-3.0552139282226562,2.321094274520874,-8.472647666931152,1.737541675567627
123,feature_123,0.34888672828674316,0.08739345138868558,0.34888672828674316,0.3479592968943127,0.08829540072909599,0.3479592968943127,-2.2316782474517822,2.782391309738159,-8.267091751098633,3.3716495037078857
327,feature_327,-0.34854352474212646,0.08772641327836024,0.34854352474212646,-0.3289796988818957,0.10832904159175367,0.3289796988818957,-0.1335296481847763,2.0551345348358154,-3.945909261703491,2.7999141216278076
63,feature_63,-0.34698182344436646,0.08925357423977841,0.34698182344436646,-0.4855613824843364,0.013871374428332433,0.4855613824843364,0.5810428857803345,2.2614080905914307,-4.4502363204956055,4.365576267242432
204,feature_204,0.3376133441925049,0.09883727021474954,0.3376133441925049,0.40410727434771315,0.04512658978592196,0.40410727434771315,0.48144611716270447,2.1820948123931885,-3.6297879219055176,3.6254377365112305
261,feature_261,0.3370126783847809,0.09947686350498174,0.3370126783847809,0.287066419937808,0.16412328078220295,0.287066419937808,0.21140193939208984,1.449134111404419,-2.68438982963562,3.2487945556640625
31,feature_31,0.3367721438407898,0.09973384813691952,0.3367721438407898,0.20798476155273693,0.3184497327592508,0.20798476155273693,1.4780207872390747,1.0385408401489258,-0.7930934429168701,3.069859027862549
210,feature_210,-0.33663928508758545,0.09987600462604769,0.33663928508758545,-0.4610460683849643,0.020362076552988488,0.4610460683849643,1.4457833766937256,2.989708662033081,-5.861763954162598,7.249319553375244
51,feature_51,-0.33543625473976135,0.10117009467397559,0.33543625473976135,-0.28232152043470377,0.17151728484051104,0.28232152043470377,1.3637007474899292,2.3930141925811768,-3.5501954555511475,7.396932601928711
259,feature_259,-0.3334599733352661,0.10332294528704838,0.3334599733352661,-0.2886480531055094,0.16170917301547066,0.2886480531055094,2.6392462253570557,2.363049268722534,-1.0795001983642578,8.476767539978027
161,feature_161,-0.3325720727443695,0.10430115679960349,0.3325720727443695,-0.32265316621109,0.11569990543926384,0.32265316621109,-3.8734617233276367,2.253838300704956,-9.318552017211914,-0.33207201957702637
39,feature_39,0.33212894201278687,0.10479191832990589,0.33212894201278687,0.196913329378827,0.3454546788107732,0.196913329378827,-0.116128109395504,1.583874225616455,-3.3686821460723877,2.8289976119995117
207,feature_207,-0.33069750666618347,0.1063888987569278,0.33069750666618347,-0.35665827931667055,0.08010567102034606,0.35665827931667055,-4.819736957550049,2.3971951007843018,-9.348076820373535,0.021233290433883667
93,feature_93,0.32504209876060486,0.11287464310865178,0.32504209876060486,0.3890817592545497,0.05456304709313673,0.3890817592545497,-1.1582324504852295,2.735517978668213,-6.107799530029297,3.9640283584594727
186,feature_186,-0.31929975748062134,0.11975280678129975,0.31929975748062134,-0.35349501298126773,0.08301426989775958,0.35349501298126773,-2.345437526702881,0.7231965065002441,-3.891727924346924,-0.3692953586578369
216,feature_216,-0.31251537799835205,0.12826787810051402,0.31251537799835205,-0.23408170881981036,0.2600709139667365,0.23408170881981036,6.235809326171875,2.547978162765503,0.20846408605575562,12.87749195098877
73,feature_73,-0.31179869174957275,0.12919236946222507,0.31179869174957275,-0.32344398279494063,0.11475896838263604,0.32344398279494063,-0.29612910747528076,1.0913441181182861,-2.8138551712036133,1.6124472618103027
351,feature_351,0.30973953008651733,0.13187543902667026,0.30973953008651733,0.14234698509312793,0.49728612116482374,0.14234698509312793,-2.186220645904541,3.2920610904693604,-9.770371437072754,2.986447811126709
269,feature_269,-0.30903589725494385,0.13280143282271845,0.30903589725494385,-0.23170925906825823,0.2650710349231905,0.23170925906825823,-3.1287918090820312,2.3806235790252686,-7.6552228927612305,1.9547661542892456
24,feature_24,-0.3072172999382019,0.13521647719021948,0.3072172999382019,-0.2665051887576895,0.19783466241258002,0.2665051887576895,2.7800328731536865,1.4794102907180786,0.11927437782287598,5.7081074714660645
122,feature_122,-0.3056451678276062,0.13732959531102587,0.3056451678276062,-0.11783167099375591,0.5748275963734459,0.11783167099375591,6.207334995269775,2.721773624420166,1.4969255924224854,11.7551908493042
212,feature_212,-0.3036775588989258,0.14000761581545615,0.3036775588989258,-0.35191337981356624,0.08449815946891961,0.35191337981356624,-4.402582168579102,1.8944071531295776,-7.1587114334106445,-0.43207624554634094
265,feature_265,0.29813602566719055,0.14775097711629007,0.29813602566719055,0.27757662093159946,0.17914078832593666,0.27757662093159946,-0.22374087572097778,1.743415117263794,-3.0096139907836914,3.0637855529785156
71,feature_71,-0.29644545912742615,0.15017286804247923,0.29644545912742615,-0.3107909174533293,0.13050050408198544,0.3107909174533293,2.143003463745117,2.688476800918579,-3.843963146209717,8.029227256774902
349,feature_349,-0.2924532890319824,0.15600380541011447,0.2924532890319824,-0.39461747534150465,0.050922832614746415,0.39461747534150465,-2.78910756111145,1.7619730234146118,-7.755114555358887,0.2266066074371338
278,feature_278,-0.29029518365859985,0.1592217908728741,0.29029518365859985,-0.196913329378827,0.3454546788107732,0.196913329378827,4.353664875030518,2.457249164581299,0.17961055040359497,10.190937042236328
267,feature_267,-0.2852547764778137,0.16691945078049333,0.2852547764778137,-0.26017865608688384,0.20909417226685467,0.26017865608688384,0.722542941570282,2.7341015338897705,-3.7018027305603027,8.974431037902832
130,feature_130,-0.2822726368904114,0.1715946504427421,0.2822726368904114,-0.18900516354031985,0.3655514073763725,0.18900516354031985,1.470099687576294,2.2494845390319824,-1.3998842239379883,7.012161731719971
173,feature_173,-0.2772670388221741,0.17964621951674506,0.2772670388221741,-0.20086741229808053,0.3356579914184604,0.20086741229808053,-3.092439651489258,3.472842216491699,-8.256375312805176,6.746064186096191
112,feature_112,-0.2769034504890442,0.18024108407278192,0.2769034504890442,-0.23091844248440754,0.2667513772722037,0.23091844248440754,4.089279651641846,2.0893874168395996,-0.16939325630664825,9.533045768737793
29,feature_29,-0.2753772437572479,0.1827529895073523,0.2753772437572479,-0.2720409048446445,0.18832813923449748,0.2720409048446445,-2.0929324626922607,3.371187925338745,-7.627582550048828,7.17268705368042
58,feature_58,-0.27526751160621643,0.1829345199602315,0.27526751160621643,-0.20561231180118478,0.3241248326917472,0.20561231180118478,-1.8201589584350586,1.1522387266159058,-3.5160484313964844,0.6680576801300049
201,feature_201,-0.27301013469696045,0.18669660337975688,0.27301013469696045,-0.2411990580744668,0.2454381397624335,0.2411990580744668,3.01655650138855,1.6557135581970215,0.006509349215775728,6.086549282073975
291,feature_291,0.27238473296165466,0.18774824330424134,0.27238473296165466,0.25068885708067534,0.2267819732712225,0.25068885708067534,2.3673219680786133,2.3679006099700928,-3.7931296825408936,8.017319679260254
25,feature_25,0.26723337173461914,0.19656580057983508,0.26723337173461914,0.32265316621109,0.11569990543926384,0.32265316621109,1.5053423643112183,2.3584651947021484,-2.444559097290039,5.646393775939941
319,feature_319,-0.2657828629016876,0.19909882968355014,0.2657828629016876,-0.2048214952173341,0.3260300998317074,0.2048214952173341,8.545011520385742,2.8165993690490723,3.168518543243408,18.505645751953125
335,feature_335,-0.26476919651031494,0.20088215157843586,0.26476919651031494,-0.28073988726700233,0.17403283045107512,0.28073988726700233,0.5019566416740417,1.9622156620025635,-3.508303165435791,3.805849075317383
314,feature_314,0.2644147276878357,0.20150831864850288,0.2644147276878357,0.21431129422354261,0.3036152430528308,0.21431129422354261,-3.206789016723633,2.621581792831421,-9.012243270874023,2.515549421310425
221,feature_221,0.2623959183692932,0.205099846914004,0.2623959183692932,0.32977051546574637,0.10743265218232209,0.32977051546574637,-9.134015083312988,1.8382395505905151,-12.616151809692383,-5.74169397354126
94,feature_94,-0.26073193550109863,0.208092572631324,0.26073193550109863,-0.19058679670802128,0.3614786109447953,0.19058679670802128,-5.4191741943359375,2.7104358673095703,-12.0365629196167,1.4358314275741577
299,feature_299,0.2605801820755005,0.20836696768708576,0.2605801820755005,0.16607148260864926,0.4275572255139156,0.16607148260864926,-0.7735843062400818,3.148735761642456,-8.030821800231934,5.686779022216797
16,feature_16,-0.2581395208835602,0.2128137181221142,0.2581395208835602,-0.26729600534154024,0.19645692159282652,0.26729600534154024,-2.6641714572906494,2.3574211597442627,-5.894563674926758,2.6160449981689453
354,feature_354,-0.2578991949558258,0.21325500848637025,0.2578991949558258,-0.2277551761490047,0.2735409683725553,0.2277551761490047,-1.1704283952713013,1.8543550968170166,-4.660259246826172,2.5081098079681396
353,feature_353,0.2554927170276642,0.21770780699797315,0.2554927170276642,0.18109699770181278,0.3863130125481117,0.18109699770181278,-6.603237152099609,3.0901730060577393,-11.767354965209961,-0.007962167263031006
238,feature_238,0.25343987345695496,0.22155520577632323,0.25343987345695496,0.20165822888193127,0.3337188882358486,0.20165822888193127,2.8199596405029297,0.7933584451675415,0.7857958078384399,4.126761436462402
3,feature_3,-0.2523978352546692,0.22352545521373002,0.2523978352546692,-0.16607148260864926,0.4275572255139156,0.16607148260864926,-4.114709377288818,3.449958324432373,-9.983721733093262,3.6060662269592285
242,feature_242,0.2504671514034271,0.22720674197989527,0.2504671514034271,0.10280615590059239,0.6248321702621966,0.10280615590059239,0.35144874453544617,2.641599655151367,-5.6389031410217285,5.079926490783691
277,feature_277,0.24921837449073792,0.22960917104690454,0.24921837449073792,0.24436232440986963,0.23911123560460315,0.24436232440986963,1.1356192827224731,1.7545222043991089,-2.5977325439453125,5.652749061584473
316,feature_316,-0.24856902658939362,0.23086504076777278,0.24856902658939362,-0.3360970481365521,0.1004577516193714,0.3360970481365521,-0.2226729393005371,2.1409080028533936,-3.8482820987701416,3.810067892074585
310,feature_310,-0.24455928802490234,0.23872086940362292,0.24455928802490234,-0.21747456055894543,0.2963614905526492,0.21747456055894543,-1.1378602981567383,2.6827399730682373,-4.819551467895508,3.654275894165039
334,feature_334,0.2389945536851883,0.2499115803662819,0.2389945536851883,0.36614807832287904,0.07184230948711434,0.36614807832287904,-4.995391368865967,2.195690870285034,-8.725980758666992,0.5035898685455322
191,feature_191,0.23782306909561157,0.25231026937351525,0.23782306909561157,0.20165822888193127,0.3337188882358486,0.20165822888193127,-3.8761212825775146,2.000732183456421,-9.332815170288086,-0.9639775156974792
172,feature_172,0.23735831677913666,0.25326601275188354,0.23735831677913666,0.12336738708071089,0.5568620662950612,0.12336738708071089,-1.0803213119506836,2.775411605834961,-7.917981147766113,4.136549949645996
156,feature_156,0.2361091673374176,0.25584647923865145,0.2361091673374176,0.24752559074527247,0.23289261692536495,0.24752559074527247,4.377392768859863,2.9840970039367676,-1.7374603748321533,9.77687931060791
372,feature_372,-0.23415157198905945,0.2599246016138428,0.23415157198905945,-0.22538272639745258,0.2787048281029016,0.22538272639745258,3.396421194076538,2.616152048110962,-1.8055176734924316,9.911211013793945
287,feature_287,-0.23203735053539276,0.26437590131165445,0.23203735053539276,-0.24673477416142178,0.2344371360975139,0.24673477416142178,-2.1804962158203125,3.080821990966797,-10.089215278625488,3.485732316970825
46,feature_46,-0.23198437690734863,0.26448805809288256,0.23198437690734863,-0.32265316621109,0.11569990543926384,0.32265316621109,2.7879319190979004,2.064701557159424,-1.5407350063323975,7.224453926086426
317,feature_317,0.23072119057178497,0.26717156469285447,0.23072119057178497,0.2048214952173341,0.3260300998317074,0.2048214952173341,3.6099328994750977,1.5231748819351196,1.099435567855835,7.104301452636719
225,feature_225,0.23037996888160706,0.26789943958461804,0.23037996888160706,0.28943886968936017,0.1605115441198769,0.28943886968936017,1.3260418176651,2.451728105545044,-3.125863790512085,6.110746383666992
258,feature_258,-0.2297401875257492,0.2692676083293042,0.2297401875257492,-0.1684439323602014,0.42089079581991407,0.1684439323602014,-3.1993257999420166,2.1266863346099854,-7.756040573120117,1.0551105737686157
227,feature_227,0.22734354436397552,0.2744325182442654,0.22734354436397552,0.26966845509309234,0.19236308686838763,0.26966845509309234,2.4317266941070557,1.9567402601242065,-2.253981113433838,5.7138590812683105
85,feature_85,0.22513242065906525,0.2792532255146536,0.22513242065906525,0.31948989987568716,0.1195202660245335,0.31948989987568716,1.1256976127624512,2.02463960647583,-2.041638135910034,5.919890880584717
348,feature_348,0.22417928278446198,0.28134772686668685,0.22417928278446198,0.21035721130428905,0.31283576546494674,0.21035721130428905,-4.901047706604004,2.1901183128356934,-8.635896682739258,-0.3284083604812622
293,feature_293,-0.2231299877166748,0.2836650022868858,0.2231299877166748,-0.17160719869560423,0.4120914653680132,0.17160719869560423,3.965319871902466,1.2475048303604126,0.6836588382720947,6.356431484222412
74,feature_74,0.22136881947517395,0.2875814078837284,0.22136881947517395,0.27441335459619665,0.1843518191945329,0.27441335459619665,6.525484561920166,2.9721295833587646,-1.1423381567001343,13.934789657592773
230,feature_230,0.22121824324131012,0.28791782386083536,0.22121824324131012,0.20956639472043836,0.31470028947045586,0.20956639472043836,3.361447334289551,2.20731258392334,-3.7166647911071777,7.164412975311279
266,feature_266,0.21964815258979797,0.29144045147370296,0.21964815258979797,0.18584189720491703,0.37377673660306443,0.18584189720491703,2.0070886611938477,2.0752995014190674,-2.006049394607544,5.50799036026001
66,feature_66,0.21927419304847717,0.29228342826507037,0.21927419304847717,0.2759949877638981,0.18173337687007246,0.2759949877638981,0.5197877287864685,2.0641119480133057,-4.394779205322266,5.406530380249023
35,feature_35,0.21360646188259125,0.30524636985037384,0.21360646188259125,0.3273980657141943,0.11013836332250894,0.3273980657141943,11.038416862487793,4.331887245178223,-1.0171444416046143,20.493383407592773
256,feature_256,0.21347200870513916,0.3055581369025436,0.21347200870513916,0.2783674375154502,0.1778541627389389,0.2783674375154502,-3.2130930423736572,2.168001651763916,-8.358713150024414,1.511999487876892
34,feature_34,-0.20934326946735382,0.3152275863366724,0.20934326946735382,-0.13048473633536728,0.5341463013664304,0.13048473633536728,2.6648778915405273,2.9507579803466797,-2.077333450317383,10.675137519836426
120,feature_120,-0.20775510370731354,0.31899642282012763,0.20775510370731354,-0.4167603396893246,0.03821966939188549,0.4167603396893246,-1.3586481809616089,1.7267893552780151,-6.459585666656494,1.642846703529358
76,feature_76,0.20763596892356873,0.3192802433922089,0.20763596892356873,0.06721940962731042,0.7495358703346492,0.06721940962731042,2.894918918609619,1.616839051246643,-1.680220365524292,5.105752944946289
135,feature_135,-0.20752310752868652,0.31954926072702944,0.20752310752868652,-0.08698982422357818,0.6792647289622518,0.08698982422357818,7.129979133605957,3.9589715003967285,0.4072643518447876,15.826411247253418
382,feature_382,0.20732124149799347,0.3200307751450777,0.20732124149799347,0.20086741229808053,0.3356579914184604,0.20086741229808053,3.1360790729522705,1.9282705783843994,-1.1757498979568481,6.408268928527832
159,feature_159,0.20723849534988403,0.32022827875714654,0.20723849534988403,0.18742353037261847,0.3696508050868813,0.18742353037261847,-3.9745824337005615,2.7148659229278564,-10.754453659057617,0.16046708822250366
254,feature_254,0.20534396171569824,0.3247705926401702,0.20534396171569824,0.23091844248440754,0.2667513772722037,0.23091844248440754,-3.1945862770080566,2.222320079803467,-6.655402183532715,1.9389605522155762
57,feature_57,0.2041437029838562,0.32766845733513067,0.2041437029838562,0.20323986204963265,0.32986095933142834,0.20323986204963265,2.145108222961426,1.8567335605621338,-1.9483084678649902,4.747174263000488
5,feature_5,0.20121638476848602,0.334801468988086,0.20121638476848602,0.23250007565210898,0.2633975115526189,0.23250007565210898,0.9106210470199585,2.3986010551452637,-2.4824695587158203,6.747439384460449
193,feature_193,-0.1993432343006134,0.33941435948552134,0.1993432343006134,-0.13681126900617296,0.5143286183754975,0.13681126900617296,1.0726927518844604,1.7801859378814697,-1.6398142576217651,4.543068885803223
64,feature_64,0.19903011620044708,0.3401891475616337,0.19903011620044708,0.3076276511179265,0.13466879805057017,0.3076276511179265,-1.0834492444992065,1.732073187828064,-3.717294692993164,3.4075064659118652
213,feature_213,0.19603510200977325,0.3476534242908669,0.19603510200977325,0.1391837187577251,0.506990177897231,0.1391837187577251,-1.7826629877090454,2.4142282009124756,-8.715056419372559,2.6303980350494385
169,feature_169,-0.19599805772304535,0.3477463511339343,0.19599805772304535,-0.22696435956515398,0.27525542801780745,0.22696435956515398,0.5036273002624512,1.5648152828216553,-3.2554030418395996,3.7904229164123535
127,feature_127,-0.1953226625919342,0.3494431854582857,0.1953226625919342,-0.27520417118004736,0.18303936107951224,0.27520417118004736,2.3602805137634277,1.819227933883667,-2.0525107383728027,6.910317420959473
234,feature_234,0.1913599818944931,0.35949731473663055,0.1913599818944931,0.17160719869560423,0.4120914653680132,0.17160719869560423,-0.39929258823394775,2.3264596462249756,-5.256994247436523,3.4146933555603027
377,feature_377,0.18991175293922424,0.3632136294039728,0.18991175293922424,0.09885207298133886,0.6382761645523614,0.09885207298133886,1.1897746324539185,1.287757158279419,-1.2283239364624023,3.1541998386383057
145,feature_145,-0.1888517439365387,0.3659478880621058,0.1888517439365387,-0.2522704902483767,0.2237670337388267,0.2522704902483767,-0.630654513835907,2.84513258934021,-5.5661797523498535,5.254858493804932
218,feature_218,0.1851678490638733,0.3755431403756141,0.1851678490638733,0.20244904546578196,0.3317865425197152,0.20244904546578196,-2.1581859588623047,1.918695330619812,-6.715433597564697,1.1348068714141846
154,feature_154,0.183018296957016,0.381208272984834,0.183018296957016,0.18900516354031985,0.3655514073763725,0.18900516354031985,-3.2733452320098877,2.1037938594818115,-8.507513046264648,0.16962027549743652
166,feature_166,0.18242916464805603,0.38276942703590167,0.18242916464805603,0.12178575391300946,0.5619689334137319,0.12178575391300946,-0.2599269151687622,1.6629087924957275,-3.675013780593872,2.5151984691619873
363,feature_363,0.18168692290782928,0.3847415032657402,0.18168692290782928,0.16369903285709714,0.4342806186535715,0.16369903285709714,8.708292007446289,2.693518877029419,4.555448055267334,13.784014701843262
33,feature_33,-0.17958788573741913,0.39034975423535223,0.17958788573741913,-0.17872454795026063,0.3926698185579911,0.17872454795026063,-1.5021917819976807,2.5403735637664795,-8.414545059204102,2.977660894393921
282,feature_282,0.17801009118556976,0.3945956749084095,0.17801009118556976,0.2427806912421682,0.24226113422957465,0.2427806912421682,-0.46230897307395935,1.9386975765228271,-4.042163848876953,2.8024682998657227
214,feature_214,-0.17667892575263977,0.3981980841991245,0.17667892575263977,-0.17318883186330566,0.4077302804136793,0.17318883186330566,1.5072846412658691,2.2642252445220947,-1.3107659816741943,6.206668376922607
378,feature_378,-0.17579123377799988,0.40061059889428813,0.17579123377799988,-0.051403077950296194,0.8072167348539081,0.051403077950296194,-1.9299317598342896,2.3988780975341797,-6.180764675140381,3.200725555419922
108,feature_108,-0.17178650200366974,0.4115957627547536,0.17178650200366974,-0.07987247496892179,0.7042989259891608,0.07987247496892179,-2.260719060897827,1.9293150901794434,-6.01898193359375,2.0635194778442383
56,feature_56,0.170587420463562,0.41491702206427405,0.170587420463562,0.12099493732915875,0.564530258467633,0.12099493732915875,-2.6250836849212646,1.9226773977279663,-6.001623153686523,1.217294692993164
81,feature_81,0.16731230914592743,0.42406345456846695,0.16731230914592743,0.12415820366456158,0.5543165725874115,0.12415820366456158,4.185246467590332,1.291015625,1.1978418827056885,7.35085391998291
196,feature_196,-0.16503487527370453,0.43048792919354895,0.16503487527370453,-0.10438778906829382,0.6194867121557666,0.10438778906829382,-0.4444085657596588,2.663214683532715,-6.0705461502075195,4.468080520629883
75,feature_75,-0.1644209325313568,0.43222878753251204,0.1644209325313568,-0.2617602892545853,0.20623958044961155,0.2617602892545853,-1.1348876953125,2.267465829849243,-6.722931861877441,4.4673075675964355
139,feature_139,0.1632666289806366,0.43551213509444076,0.1632666289806366,0.25306130683222744,0.22226963905032732,0.25306130683222744,-0.4783508777618408,1.9829720258712769,-5.350037574768066,3.282736301422119
232,feature_232,0.15944746136665344,0.4464706281984923,0.15944746136665344,0.03242347993787914,0.877721989722666,0.03242347993787914,1.7610673904418945,1.7619097232818604,-2.5087358951568604,5.615567207336426
324,feature_324,-0.1575089544057846,0.4520883530322722,0.1575089544057846,-0.18505108062106632,0.37584963060201926,0.18505108062106632,-0.08359096199274063,1.5967185497283936,-3.6218276023864746,3.2385125160217285
318,feature_318,0.15588846802711487,0.4568129132372313,0.15588846802711487,0.20640312838503552,0.32222634642319925,0.20640312838503552,-3.450575590133667,2.1036953926086426,-7.178746700286865,0.5180081129074097
355,feature_355,-0.15497218072414398,0.45949577591325447,0.15497218072414398,-0.11229595490680093,0.5930444132156956,0.11229595490680093,0.028134241700172424,2.348196268081665,-4.366360664367676,5.065581798553467
4,feature_4,0.15456272661685944,0.4606973011799987,0.15456272661685944,-0.12336738708071089,0.5568620662950612,0.12336738708071089,-4.808526515960693,3.921023368835449,-16.384443283081055,1.7093839645385742
177,feature_177,-0.15398693084716797,0.4623897179900527,0.15398693084716797,-0.11862248757760661,0.5722455058139956,0.11862248757760661,1.6473389863967896,1.6425466537475586,-1.8228126764297485,4.292233467102051
155,feature_155,-0.15372315049171448,0.46316611803121477,0.15372315049171448,-0.2419898746583175,0.24384624655568357,0.2419898746583175,3.054248094558716,2.7412874698638916,-2.058354616165161,8.508692741394043
92,feature_92,0.15253938734531403,0.46665868931484966,0.15253938734531403,0.17397964844715635,0.40555935169834845,0.17397964844715635,-0.7322388291358948,2.337466239929199,-4.981034755706787,4.666199684143066
11,feature_11,0.15251636505126953,0.4667267490883581,0.15251636505126953,0.1470918845962322,0.48290518592728604,0.1470918845962322,2.248774290084839,2.287658214569092,-1.1278371810913086,6.285731315612793
88,feature_88,0.14965097606182098,0.4752375489787515,0.14965097606182098,0.03400511310558056,0.8718042442650532,0.03400511310558056,-2.215731382369995,2.3915202617645264,-6.816166877746582,3.6406538486480713
224,feature_224,0.1488863229751587,0.47752207526648,0.1488863229751587,-0.010280615590059241,0.9611005593328061,0.010280615590059241,-2.2687275409698486,2.4322636127471924,-9.531414985656738,0.8650003671646118
365,feature_365,0.14683642983436584,0.4836740130264597,0.14683642983436584,0.10596942223599523,0.614159958963654,0.10596942223599523,1.5232948064804077,2.38112211227417,-5.254075527191162,6.231119155883789
128,feature_128,-0.14331333339214325,0.4943401507819277,0.14331333339214325,-0.12969391975151656,0.5366485388027551,0.12969391975151656,-5.019505500793457,4.002183437347412,-12.39441967010498,6.86516809463501
239,feature_239,-0.14328378438949585,0.4944301034004055,0.14328378438949585,-0.14155616850927724,0.49970344645370735,0.14155616850927724,-0.09144159406423569,0.6567551493644714,-1.1390281915664673,1.5590389966964722
279,feature_279,0.14127963781356812,0.5005501015729793,0.14127963781356812,0.15262760068318718,0.46639795575750376,0.15262760068318718,1.9373764991760254,1.371004581451416,-0.023494690656661987,4.631329536437988
380,feature_380,0.1395827978849411,0.5057608155750255,0.1395827978849411,0.037959196024834115,0.8570398037557381,0.037959196024834115,-3.552290439605713,1.9275578260421753,-7.552059173583984,-0.14288678765296936
10,feature_10,-0.13890865445137024,0.5078383648136543,0.13890865445137024,-0.08936227397513032,0.6709912775086547,0.08936227397513032,2.940765619277954,1.3134440183639526,1.0146510601043701,5.394274711608887
15,feature_15,-0.13827316462993622,0.5098006113893196,0.13827316462993622,-0.06801022621116112,0.7466831121668129,0.06801022621116112,-7.351111888885498,1.6299582719802856,-9.716645240783691,-2.544642210006714
309,feature_309,-0.13801726698875427,0.5105918086303038,0.13801726698875427,-0.1383929021738744,0.5094306065261891,0.1383929021738744,-0.25453704595565796,2.302245855331421,-4.640020847320557,5.129389762878418
379,feature_379,-0.1299927532672882,0.5357023478729179,0.1299927532672882,-0.0664285930434597,0.7523918293477734,0.0664285930434597,0.4653956890106201,1.4686387777328491,-2.2236950397491455,3.9825010299682617
119,feature_119,0.1275569051504135,0.5434376929087313,0.1275569051504135,0.10596942223599523,0.614159958963654,0.10596942223599523,-0.8284255862236023,2.377086639404297,-6.463395118713379,3.4840304851531982
170,feature_170,-0.12235203385353088,0.5601380717164983,0.12235203385353088,-0.15341841726703787,0.46406390034004397,0.15341841726703787,2.602189540863037,2.5965824127197266,-0.8783642053604126,9.453619003295898
336,feature_336,0.11966260522603989,0.5688572752500279,0.11966260522603989,0.12336738708071089,0.5568620662950612,0.12336738708071089,2.482088565826416,1.7425227165222168,-1.6117591857910156,5.548442840576172
7,feature_7,-0.11879515647888184,0.5716824102743998,0.11879515647888184,-0.11862248757760661,0.5722455058139956,0.11862248757760661,-3.7685015201568604,2.220578908920288,-7.635294437408447,0.9890546798706055
281,feature_281,-0.11637331545352936,0.5796026961973043,0.11637331545352936,-0.039540829192535536,0.851146792148362,0.039540829192535536,-5.445660591125488,4.073227882385254,-11.393104553222656,4.7907023429870605
326,feature_326,-0.1127278059720993,0.5916144513027656,0.1127278059720993,-0.10596942223599523,0.614159958963654,0.10596942223599523,-0.26058995723724365,1.921536922454834,-3.667646646499634,3.6407411098480225
70,feature_70,-0.11145354807376862,0.5958380660712571,0.11145354807376862,-0.1091326885713981,0.6035634560356071,0.1091326885713981,-1.0742746591567993,2.3981595039367676,-5.867580890655518,4.043900966644287
140,feature_140,0.11134464293718338,0.5961996336878986,0.11134464293718338,0.003954082919253554,0.9850339607885501,0.003954082919253554,-2.867694616317749,3.1026036739349365,-8.456489562988281,2.250659942626953
260,feature_260,-0.10520946979522705,0.6167170400830634,0.10520946979522705,0.006326532670805686,0.9760563811912297,0.006326532670805686,3.7734994888305664,2.8709123134613037,-1.8508143424987793,10.091290473937988
40,feature_40,-0.10440894961357117,0.6194153219940662,0.10440894961357117,-0.09647962322978672,0.6463965075666951,0.09647962322978672,-0.8878329992294312,2.5192058086395264,-5.818938732147217,4.922513961791992
359,feature_359,-0.10421127080917358,0.6200823691373634,0.10421127080917358,-0.13522963583847156,0.5192493642914167,0.13522963583847156,3.6930980682373047,2.415102958679199,-0.8486014008522034,9.930167198181152
292,feature_292,-0.10273197293281555,0.6250833424896529,0.10273197293281555,-0.16923474894405208,0.418681375081316,0.16923474894405208,4.14177131652832,3.2496702671051025,-1.8234930038452148,10.54008674621582
9,feature_9,0.10217025876045227,0.6269865380211842,0.10217025876045227,0.11229595490680093,0.5930444132156956,0.11229595490680093,-0.2843360900878906,1.9736552238464355,-3.8001794815063477,4.377002239227295
289,feature_289,-0.09876953810453415,0.6385579903846559,0.09876953810453415,0.007117349254656397,0.973064431051702,0.007117349254656397,-4.620379447937012,2.6003191471099854,-8.04390811920166,2.2805545330047607
262,feature_262,-0.0982556864619255,0.6403136968781332,0.0982556864619255,-0.22696435956515398,0.27525542801780745,0.22696435956515398,5.3602294921875,2.645674467086792,-1.4051426649093628,9.734739303588867
342,feature_342,0.09702193737030029,0.6445367816129041,0.09702193737030029,-0.03479592968943127,0.8688478604428619,0.03479592968943127,-1.789238691329956,2.4033706188201904,-7.402836799621582,3.7149946689605713
113,feature_113,0.09657919406890869,0.6460549001973751,0.09657919406890869,0.0885714573912796,0.6737450194319001,0.0885714573912796,-0.6652638912200928,1.501478910446167,-4.066533088684082,2.5491766929626465
288,feature_288,0.09546681493520737,0.6498751901089471,0.09546681493520737,-0.01107143217390995,0.9581107697475194,0.01107143217390995,0.06761885434389114,2.189840793609619,-4.500363349914551,4.234111309051514
338,feature_338,-0.09475010633468628,0.6523411770608363,0.09475010633468628,-0.12890310316766584,0.5391562638816758,0.12890310316766584,3.4597251415252686,1.7863116264343262,0.4033949077129364,7.927643299102783
146,feature_146,-0.09187942743301392,0.66225372499341,0.09187942743301392,-0.03242347993787914,0.877721989722666,0.03242347993787914,1.3789856433868408,1.2565078735351562,-1.170005202293396,3.996551513671875
129,feature_129,0.09079825133085251,0.6660015343175054,0.09079825133085251,0.0015816331677014216,0.994013309141632,0.0015816331677014216,-0.17414778470993042,2.8749029636383057,-5.757505893707275,6.292023658752441
18,feature_18,-0.08722301572561264,0.6784499012069718,0.08722301572561264,-0.16448984944094786,0.43203318166123694,0.16448984944094786,1.0582510232925415,1.9872537851333618,-2.729140520095825,5.23399019241333
368,feature_368,0.08711370825767517,0.6788318044440793,0.08711370825767517,0.0015816331677014216,0.994013309141632,0.0015816331677014216,-0.8124703168869019,2.0537405014038086,-5.895911693572998,2.390399217605591
248,feature_248,-0.08670637011528015,0.6802556574584481,0.08670637011528015,-0.03321429652172985,0.8747623000439433,0.03321429652172985,-0.7234523892402649,2.1407790184020996,-4.049304485321045,3.353394031524658
306,feature_306,-0.08647844195365906,0.6810528464967736,0.08647844195365906,-0.05377552770184833,0.7984940367543246,0.05377552770184833,5.665555000305176,2.2924482822418213,-0.003508328925818205,9.109217643737793
141,feature_141,-0.08549167215824127,0.6845079449377277,0.08549167215824127,-0.017397964844715636,0.9342155305423254,0.017397964844715636,-0.5022918581962585,1.700014591217041,-3.2958970069885254,2.743997573852539
114,feature_114,0.08547687530517578,0.6845598020978154,0.08547687530517578,0.12811228658381515,0.5416694539290128,0.12811228658381515,-1.6770646572113037,2.402207612991333,-7.316165924072266,2.4015908241271973
49,feature_49,-0.08514098823070526,0.6857373272377385,0.08514098823070526,0.005535716086954975,0.9790486457108439,0.005535716086954975,-1.343847632408142,1.9402797222137451,-4.7042436599731445,2.764477014541626
160,feature_160,-0.08320838958024979,0.6925262414791463,0.08320838958024979,-0.12415820366456158,0.5543165725874115,0.12415820366456158,-3.067775011062622,2.2876837253570557,-7.127930164337158,2.4979426860809326
364,feature_364,0.08209026604890823,0.6964646229637743,0.08209026604890823,0.11941330416145732,0.5696685693669339,0.11941330416145732,-1.2823268175125122,2.3361637592315674,-6.98754358291626,3.5052266120910645
150,feature_150,0.08063742518424988,0.7015933985038316,0.08063742518424988,0.2071939449688862,0.32033464513802273,0.2071939449688862,2.996062994003296,2.738741874694824,-1.779233455657959,8.915711402893066
200,feature_200,-0.07788306474685669,0.7113515010815586,0.07788306474685669,-0.17477046503100704,0.4033948816152704,0.17477046503100704,0.4367239773273468,2.148272752761841,-4.971744537353516,5.6083664894104
246,feature_246,0.07237143814563751,0.7310097015989097,0.07237143814563751,0.01107143217390995,0.9581107697475194,0.01107143217390995,-3.028878688812256,2.1428885459899902,-7.628636360168457,1.0422745943069458
45,feature_45,-0.07149537652730942,0.7341499369098543,0.07149537652730942,-0.10517860565214453,0.6168209834598166,0.10517860565214453,-2.1151490211486816,3.0767605304718018,-9.703023910522461,3.5705618858337402
48,feature_48,0.07115033268928528,0.7353878864588367,0.07115033268928528,0.02293368093167061,0.9133517822946345,0.02293368093167061,10.094331741333008,2.443364381790161,4.504020690917969,13.704618453979492
133,feature_133,-0.06906408071517944,0.7428865163526409,0.06906408071517944,-0.04982144478259478,0.8130443867924645,0.04982144478259478,-1.598944067955017,2.2534964084625244,-7.092933654785156,3.149941921234131
371,feature_371,-0.06819040328264236,0.7460336003321069,0.06819040328264236,-0.0814541081366232,0.6987087908476688,0.0814541081366232,0.8337470293045044,3.228083848953247,-6.73618221282959,8.120222091674805
102,feature_102,-0.0679624155163765,0.7468554908982259,0.0679624155163765,0.029260213602476295,0.8895763242986645,0.029260213602476295,0.4697507619857788,2.1850907802581787,-3.5301458835601807,6.130259037017822
285,feature_285,0.06412722915410995,0.7607208760966155,0.06412722915410995,0.17951536453411132,0.3905443422567628,0.17951536453411132,-0.2756347358226776,2.043280839920044,-3.5841870307922363,4.078212261199951
374,feature_374,-0.06203117221593857,0.7683294920427605,0.06203117221593857,-0.020561231180118482,0.9222873584242697,0.020561231180118482,6.0914154052734375,2.0029377937316895,3.0813684463500977,9.790617942810059
79,feature_79,0.06187902018427849,0.7688826196399053,0.06187902018427849,0.056938794037251175,0.7869003498259974,0.056938794037251175,-7.34464168548584,2.7836015224456787,-11.481679916381836,-1.6653108596801758
347,feature_347,0.06143903732299805,0.770482733185053,0.06143903732299805,0.1320663695030687,0.5291583792193718,0.1320663695030687,-1.684780240058899,1.8981679677963257,-4.811528205871582,3.054184675216675
356,feature_356,-0.06062929332256317,0.7734299598917111,0.06062929332256317,-0.03558674627328198,0.8658931865749575,0.03558674627328198,2.2633719444274902,2.401937246322632,-1.4978266954421997,7.1508002281188965
152,feature_152,0.05812675505876541,0.7825575728600996,0.05812675505876541,0.07987247496892179,0.7042989259891608,0.07987247496892179,-0.22927060723304749,2.0853841304779053,-4.198866844177246,3.20649790763855
97,feature_97,-0.05611877888441086,0.7899016634889331,0.05611877888441086,-0.13443881925462084,0.5217182098130839,0.13443881925462084,0.916949987411499,2.8016622066497803,-4.387957572937012,6.734860420227051
59,feature_59,0.05368267744779587,0.7988349821091032,0.05368267744779587,0.0735459422981161,0.7268062999920655,0.0735459422981161,-2.2423484325408936,2.106401205062866,-7.082982540130615,0.7163727283477783
103,feature_103,0.05280951038002968,0.8020429872305795,0.05280951038002968,0.056938794037251175,0.7869003498259974,0.056938794037251175,-0.0023974019568413496,2.016770124435425,-4.161096096038818,4.2788496017456055
376,feature_376,-0.04613260179758072,0.8266733114465332,0.04613260179758072,0.020561231180118482,0.9222873584242697,0.020561231180118482,-3.4832751750946045,2.9621496200561523,-9.597182273864746,2.62524676322937
208,feature_208,0.04297156631946564,0.8383912256235057,0.04297156631946564,-0.10122452273289098,0.6301961079380805,0.10122452273289098,2.369943141937256,1.4961256980895996,-1.8282777070999146,5.14005184173584
250,feature_250,-0.04250873997807503,0.840109787719453,0.04250873997807503,-0.052984711117997615,0.8013990503591686,0.052984711117997615,-4.547204494476318,2.653141736984253,-10.683489799499512,0.32171693444252014
228,feature_228,-0.039312608540058136,0.8519966489816485,0.039312608540058136,-0.027678580434774877,0.8955123013749601,0.027678580434774877,3.0921032428741455,1.5410093069076538,0.7356466054916382,6.455363750457764
345,feature_345,-0.037230730056762695,0.8597565197187954,0.037230730056762695,-0.1407653519254265,0.502126577654562,0.1407653519254265,3.107748508453369,1.6513208150863647,0.9360487461090088,6.577014446258545
180,feature_180,0.03613235801458359,0.8638556714637807,0.03613235801458359,0.23012762590055685,0.2684385403269641,0.23012762590055685,-1.0073771476745605,2.4099438190460205,-6.98342227935791,6.116018772125244
331,feature_331,0.03581267595291138,0.865049380331419,0.03581267595291138,-0.029260213602476295,0.8895763242986645,0.029260213602476295,-17.750993728637695,1.001861810684204,-19.769546508789062,-15.932273864746094
131,feature_131,0.034410297870635986,0.8702892927861352,0.034410297870635986,0.03321429652172985,0.8747623000439433,0.03321429652172985,-0.7323388457298279,2.2917654514312744,-5.026182174682617,4.97683572769165
37,feature_37,0.03249010443687439,0.8774725805078999,0.03249010443687439,-0.1463010680123815,0.4852872677578455,0.1463010680123815,-2.771270990371704,2.225212574005127,-9.095136642456055,0.345103919506073
244,feature_244,0.03201884776353836,0.8792369751680273,0.03201884776353836,-0.04982144478259478,0.8130443867924645,0.04982144478259478,-1.049513339996338,2.215603828430176,-8.228049278259277,2.057328462600708
192,feature_192,-0.03200824558734894,0.8792766764017912,0.03200824558734894,0.11941330416145732,0.5696685693669339,0.11941330416145732,4.850982666015625,3.260592222213745,-0.38176754117012024,14.992310523986816
36,feature_36,-0.03075827658176422,0.8839593085571916,0.03075827658176422,0.056938794037251175,0.7869003498259974,0.056938794037251175,-3.8969414234161377,2.0232608318328857,-7.407793998718262,-0.1132289469242096
104,feature_104,0.023006878793239594,0.9130762474240015,0.023006878793239594,0.03637756285713269,0.8629402605983187,0.03637756285713269,-1.6641783714294434,2.303602933883667,-6.307312488555908,4.520724773406982
184,feature_184,0.022036828100681305,0.9167285380358058,0.022036828100681305,-0.030051030186327012,0.8866104807280507,0.030051030186327012,1.8914237022399902,2.2239773273468018,-1.8228670358657837,5.5839152336120605
111,feature_111,0.020197778940200806,0.9236570975490794,0.020197778940200806,-0.016607148260864926,0.9371998269031991,0.016607148260864926,-3.8568735122680664,2.324883222579956,-7.8121442794799805,1.2335546016693115
275,feature_275,0.01935511827468872,0.9268336314037992,0.01935511827468872,0.05931124378880331,0.7782337758227941,0.05931124378880331,-2.4764113426208496,1.8922828435897827,-5.739350318908691,1.257129192352295
343,feature_343,-0.018828347325325012,0.9288199282467817,0.018828347325325012,-0.027678580434774877,0.8955123013749601,0.027678580434774877,-6.953800678253174,1.567671775817871,-9.724811553955078,-3.4800400733947754
17,feature_17,-0.01822923868894577,0.9310794914499836,0.01822923868894577,-0.1542092338508886,0.46173592712949385,0.1542092338508886,0.18454396724700928,2.915649175643921,-7.950746536254883,5.263043403625488
47,feature_47,0.01615726202726364,0.9388979278818979,0.01615726202726364,0.04744899503104265,0.8218039146469267,0.04744899503104265,7.3890299797058105,3.087810754776001,2.091158866882324,15.267118453979492
78,feature_78,0.015915699303150177,0.9398098167284961,0.015915699303150177,-0.1771429147825592,0.39694034067231543,0.1771429147825592,-1.4948855638504028,2.3653104305267334,-6.9731974601745605,2.2563748359680176
148,feature_148,-0.013801589608192444,0.9477935094288445,0.013801589608192444,0.12178575391300946,0.5619689334137319,0.12178575391300946,2.549379825592041,1.9452662467956543,-1.554148554801941,6.719389915466309
12,feature_12,0.011135350912809372,0.957869139754951,0.011135350912809372,-0.007117349254656397,0.973064431051702,0.007117349254656397,-0.23911546170711517,0.8713213205337524,-1.919179916381836,1.1921782493591309
89,feature_89,-0.008920647203922272,0.9662432766123892,0.008920647203922272,-0.17793373136640994,0.39480182165376887,0.17793373136640994,-0.26707127690315247,1.437424659729004,-4.98476505279541,1.6326813697814941
302,feature_302,0.008514005690813065,0.9677812541000942,0.008514005690813065,-0.01107143217390995,0.9581107697475194,0.01107143217390995,0.3943592309951782,2.334472894668579,-3.685185194015503,5.9228386878967285
249,feature_249,0.008125465363264084,0.9692508748136672,0.008125465363264084,0.04903062819874406,0.8159618593731094,0.04903062819874406,-2.684981107711792,2.220425605773926,-6.784646987915039,0.8155429363250732
333,feature_333,-0.0033678337931632996,0.9872526978171831,0.0033678337931632996,-0.056938794037251175,0.7869003498259974,0.056938794037251175,3.543823003768921,4.235037326812744,-6.535449028015137,10.765299797058105
