n_features,method,split,percent_rmse,rmse,mae,r2
20,NNLS,test,22.00009971499165,39.06657568904239,29.97215038144667,0.7399505865083791
20,NNLS,train,24.053771820385002,42.03881474131791,34.812890109773406,0.6625468966686637
20,LINEAR,test,21.01935425296811,37.3250214542805,31.05338478088379,0.7626193761825562
20,LINEAR,train,21.99984736795752,38.44916775401728,31.203353881835938,0.7177159190177917
20,XGB,test,24.911280444222857,44.23609145380472,32.77884292602539,0.6665745973587036
20,XGB,train,7.536051944575714,13.17076980461255,11.13613224029541,0.9668766260147095
30,NNLS,test,19.426171627054615,34.495934747945974,28.474437388528457,0.7972405881529623
30,NNLS,train,24.87986797987287,43.48258429507219,34.5761026273791,0.6389700794449861
30,LINEAR,test,20.874956348675102,37.06860754114002,30.18431854248047,0.7658696174621582
30,LINEAR,train,21.554295903182215,37.670476760135884,30.04229736328125,0.7290340662002563
30,XGB,test,23.4040248630902,41.559589301274684,31.704931259155273,0.7057017683982849
30,XGB,train,10.041197543724557,17.549016697825177,14.650036811828613,0.941194474697113
40,NNLS,test,19.79861225009904,35.15729446805326,28.63128245959593,0.7893914100438083
40,NNLS,train,25.071174584358246,43.8169311478155,35.77035622643168,0.6333966619910095
40,LINEAR,test,20.46557417254579,36.341649028374626,29.75701904296875,0.7749627232551575
40,LINEAR,train,21.501831378290188,37.57878442768605,29.951250076293945,0.7303515672683716
40,XGB,test,24.89226536605071,44.202325516364944,34.76492691040039,0.6670834422111511
40,XGB,train,3.9085483928710723,6.830976157183523,5.859835147857666,0.9910899996757507
50,NNLS,test,16.08653651160311,28.565593081236877,22.278179048178828,0.8609625871075892
50,NNLS,train,23.462921055535034,41.00618393277904,31.903160765371343,0.6789215102969275
50,LINEAR,test,21.148600940788153,37.55453066458826,31.326671600341797,0.7596911191940308
50,LINEAR,train,22.37743602392468,39.10908004033798,31.7868709564209,0.7079429626464844
50,XGB,test,24.700684974400094,43.86212751872337,33.08961486816406,0.6721882224082947
50,XGB,train,5.4595009398075005,9.541578356293936,7.993927478790283,0.9826158881187439
60,NNLS,test,18.655294980375718,33.12705409492446,25.900273017627843,0.8130132551746316
60,NNLS,train,23.56927885260883,41.192065621558115,31.78571889477492,0.6760040048244509
60,LINEAR,test,21.28920654381987,37.80421041623952,31.503019332885742,0.756485104560852
60,LINEAR,train,22.345751678393295,39.05370525995261,31.63166618347168,0.7087694406509399
60,XGB,test,24.462639497221257,43.439419359573336,30.881458282470703,0.6784761548042297
60,XGB,train,0.49999592083038935,0.8738436551306307,0.7196342945098877,0.9998542070388794
70,NNLS,test,18.234216925056884,32.37932667858469,25.365104333437824,0.8213591344380726
70,NNLS,train,24.993845688150394,43.681783314614655,35.03107458023057,0.6356546584691243
70,LINEAR,test,21.42487686929994,38.045126371520965,31.73949432373047,0.7533714771270752
70,LINEAR,train,22.27844335588058,38.936070399117064,31.551956176757812,0.7105212211608887
70,XGB,test,25.185951849261645,44.72383793557413,32.71762466430664,0.6591813564300537
70,XGB,train,4.73184200391982,8.269847692634672,6.976112365722656,0.9869410991668701
80,NNLS,test,19.105571847935135,33.92663116754781,26.727967493920307,0.8038778424786643
80,NNLS,train,24.473138462178365,42.77174247900016,35.11237662377486,0.6506776385300974
80,LINEAR,test,21.22494553081217,37.69009921851576,31.061595916748047,0.7579529881477356
80,LINEAR,train,22.20312063415769,38.80442876021048,31.4553279876709,0.7124753594398499
80,XGB,test,23.39852603490258,41.54982478245997,31.553552627563477,0.705839991569519
80,XGB,train,4.776576128809094,8.348029592873763,6.771295547485352,0.9866929650306702
90,NNLS,test,19.833965745150767,35.220073273977,27.020033959389774,0.7886385898542287
90,NNLS,train,24.302919293939745,42.47425017166314,34.25463258285338,0.6555200558365848
90,LINEAR,test,21.072795429587735,37.41991937739761,30.917753219604492,0.7614107728004456
90,LINEAR,train,22.15120325092603,38.713692668098716,31.226572036743164,0.7138184309005737
90,XGB,test,24.22138928192566,43.011020401480394,34.61307907104492,0.6847866177558899
90,XGB,train,10.771947698692545,18.82614988991999,15.784676551818848,0.9323238730430603
100,NNLS,test,19.238554278390787,34.16277410562588,27.27787749456446,0.8011381634162928
100,NNLS,train,23.830501947677977,41.64860563456593,33.93899120864111,0.6687823794260891
100,LINEAR,test,21.175298240073737,37.60193827076937,31.033037185668945,0.7590839862823486
100,LINEAR,train,22.045696531820287,38.5292984096194,31.086721420288086,0.7165380716323853
100,XGB,test,26.670906038878865,47.360738494888885,36.342552185058594,0.6178075671195984
100,XGB,train,8.996208825816849,15.722688276364897,13.247654914855957,0.9527974128723145
110,NNLS,test,18.25113457999494,32.40936812638178,26.67867904083005,0.8210274956821042
110,NNLS,train,24.092155836500833,42.10589854649285,34.32324325741386,0.6614690498985646
110,LINEAR,test,21.41833856447394,38.03351600685571,31.392589569091797,0.7535220384597778
110,LINEAR,train,21.950934109577304,38.36368197562067,30.984786987304688,0.7189697623252869
110,XGB,test,25.63970786968044,45.52959309785505,36.398956298828125,0.6467902064323425
110,XGB,train,8.047854038801708,14.065247127505883,12.047119140625,0.9622247815132141
120,NNLS,test,17.296293895742306,30.713814181373362,23.861964809392862,0.8392641717728714
120,NNLS,train,23.663523537843,41.35677720577443,32.5860405878227,0.6734077480982538
120,LINEAR,test,21.25124999590716,37.73680925119316,31.039403915405273,0.7573526501655579
120,LINEAR,train,21.83654333180007,38.16376103386562,30.873937606811523,0.7218911647796631
120,XGB,test,24.23885604932764,43.042036933204905,31.997583389282227,0.6843317747116089
120,XGB,train,4.436470139255979,7.753625821440331,6.672246932983398,0.9885205030441284
130,NNLS,test,17.267087562218386,30.661951169205555,23.82955766809076,0.8398065469998854
130,NNLS,train,23.838885821292553,41.66325814363311,33.12740668983232,0.6685492852891772
130,LINEAR,test,21.08294373512013,37.437940184181805,30.739652633666992,0.7611808776855469
130,LINEAR,train,21.79904846076808,38.098231188948425,30.83030891418457,0.7228453755378723
130,XGB,test,22.485445172666648,39.92842564896201,30.39447021484375,0.7283501029014587
130,XGB,train,0.06785094770191658,0.11858320772987468,0.09827355295419693,0.9999973177909851
140,NNLS,test,16.189540411158138,28.748501781213854,21.727659030116282,0.8591763422619065
140,NNLS,train,22.80726464417478,39.86029219417976,31.87561498111914,0.6966154526319494
140,LINEAR,test,21.168929728905855,37.59062941641008,30.767431259155273,0.7592288851737976
140,LINEAR,train,21.691589455532853,37.91042491693825,30.66771697998047,0.7255711555480957
140,XGB,test,26.20520739295899,46.53377627040788,34.37743377685547,0.6310379505157471
140,XGB,train,8.166284886596314,14.272228905967559,11.852566719055176,0.9611048102378845
150,NNLS,test,15.382036087910103,27.31457970031067,20.27146282719983,0.8728740439814505
150,NNLS,train,22.753866699966448,39.76696852332666,31.571317084385743,0.6980343993558624
150,LINEAR,test,21.098601532225846,37.46574444523874,30.751996994018555,0.760826051235199
150,LINEAR,train,21.63699489876957,37.81500992444584,30.593360900878906,0.7269507646560669
150,XGB,test,25.205464160713536,44.758486832719086,33.539730072021484,0.6586531400680542
150,XGB,train,7.906083601690551,13.81747471218511,11.420527458190918,0.9635439515113831
160,NNLS,test,16.516167821765045,29.328508900449563,22.83486691373809,0.8534367272057122
160,NNLS,train,23.368143930366458,40.84054180245418,32.626430127420335,0.6815102275504085
160,LINEAR,test,21.168184508016846,37.58930609385052,30.74616241455078,0.7592458724975586
160,LINEAR,train,21.535509950915273,37.63764452189125,30.50783348083496,0.7295061349868774
160,XGB,test,25.712912922874082,45.65958663372348,33.31778335571289,0.6447703838348389
160,XGB,train,5.225508584186036,9.132629549333071,7.608694553375244,0.9840741157531738
170,NNLS,test,15.712853563337914,27.90202730784364,21.107239867984692,0.8673471129765695
170,NNLS,train,22.993264009821594,40.185363577279965,32.3907682882983,0.6916469101589879
170,LINEAR,test,20.945398756175543,37.19369532164944,30.394685745239258,0.7642868161201477
170,LINEAR,train,21.469541717630904,37.52235173710215,30.363632202148438,0.7311607599258423
170,XGB,test,24.758431160247156,43.96467004213795,31.94801902770996,0.6706537008285522
170,XGB,train,0.8220422338364475,1.4366845015342973,1.2136244773864746,0.9996058940887451
180,NNLS,test,16.601208573761067,29.479519623925594,23.79503345913857,0.8519235506775193
180,NNLS,train,23.4706862131327,41.01975511089293,33.081965211870695,0.6787089504336606
180,LINEAR,test,20.95665987083925,37.21369219412057,30.45308494567871,0.764033317565918
180,LINEAR,train,21.449499375225102,37.48732370384104,30.35069465637207,0.7316625118255615
180,XGB,test,25.08090387505061,44.537299479446155,33.09270477294922,0.6620185375213623
180,XGB,train,0.8760980290030498,1.5311578995390784,1.2467224597930908,0.999552309513092
190,NNLS,test,17.481951859183592,31.043495454413684,24.350160580345484,0.8357949837822207
190,NNLS,train,23.662647237709887,41.355245694657214,33.28000918206862,0.6734319361727183
190,LINEAR,test,21.000683567486643,37.291867070574185,30.483688354492188,0.7630409002304077
190,LINEAR,train,21.425930049675223,37.44613155660659,30.29852867126465,0.7322518825531006
190,XGB,test,27.567939300678262,48.95364117586148,34.51313400268555,0.5916663408279419
190,XGB,train,5.178806602864016,9.051008423319686,7.538350582122803,0.984357476234436
200,NNLS,test,17.3058424948687,30.730770062270636,25.130983782204815,0.8390866510103367
200,NNLS,train,23.888369257940337,41.74974042348233,33.32866156304502,0.6671718431518338
200,LINEAR,test,20.88333508029728,37.083486035207606,30.345504760742188,0.7656816244125366
200,LINEAR,train,21.40492269126862,37.40941696336716,30.28611946105957,0.7327766418457031
200,XGB,test,24.349115339254205,43.23782935920018,32.01983642578125,0.6814534664154053
200,XGB,train,5.103624939708074,8.919613312691824,7.48234224319458,0.9848083853721619
210,NNLS,test,16.26623043782605,28.88468374266992,23.576792940455928,0.8578390159257864
210,NNLS,train,23.570063135064768,41.19343631323659,32.75352499246637,0.6759824421280154
210,LINEAR,test,20.855984701726587,37.03491872649547,30.27667999267578,0.7662950158119202
210,LINEAR,train,21.35139298883692,37.31586301846039,30.198165893554688,0.7341115474700928
210,XGB,test,26.456106060546748,46.97930842319707,34.62154006958008,0.6239389181137085
210,XGB,train,7.9725809941905865,13.933692309365465,11.49450969696045,0.9629281163215637
220,NNLS,test,16.796131027492972,29.82565227290728,24.67890618147469,0.8484258686731383
220,NNLS,train,23.83664322411163,41.659338753022254,33.73735278897788,0.6686116435286732
220,LINEAR,test,20.67286302257704,36.70974124859861,30.003576278686523,0.770380973815918
220,LINEAR,train,21.246290687348147,37.13217556128462,30.09479331970215,0.7367227673530579
220,XGB,test,26.83524570197492,47.65256389432918,35.31778335571289,0.6130831241607666
220,XGB,train,8.96510390729226,15.668326161468189,13.10792064666748,0.9531232118606567
230,NNLS,test,16.488664368092568,29.27966976933082,23.953446866415234,0.8539244480777958
230,NNLS,train,24.06859427957223,42.06471997648999,34.00886110027259,0.6621308765929432
230,LINEAR,test,20.48979381947639,36.384656954803766,29.63854217529297,0.7744297981262207
230,LINEAR,train,21.20830347711594,37.06578525437492,30.06142234802246,0.7376633882522583
230,XGB,test,25.026258613125318,44.44026340739612,32.57174301147461,0.6634896397590637
230,XGB,train,3.6408495602519375,6.3631184875017315,5.4388861656188965,0.9922686815261841
240,NNLS,test,15.931193105792524,28.289742744215108,23.119335730205165,0.8636349161740703
240,NNLS,train,23.929823172181916,41.82218949442709,34.03120461840302,0.6660157155955023
240,LINEAR,test,20.466393210328228,36.34310343094254,29.5489501953125,0.7749447226524353
240,LINEAR,train,21.186704967762722,37.028037505698805,30.010366439819336,0.7381974458694458
240,XGB,test,25.23712693185477,44.81471185266619,32.407142639160156,0.6577949523925781
240,XGB,train,5.262017041142352,9.196435436822918,7.734943389892578,0.9838507771492004
250,NNLS,test,15.890760490225194,28.217944713441156,23.242407973961605,0.864326214101374
250,NNLS,train,24.187164562638706,42.27194544619503,35.153400158396494,0.6587937547864945
250,LINEAR,test,20.294283165306876,36.037479811605515,29.266626358032227,0.7787139415740967
250,LINEAR,train,21.05048795713972,36.7899708225625,29.842666625976562,0.7415530681610107
250,XGB,test,25.273958365155252,44.8801151006246,33.96366882324219,0.6567953824996948
250,XGB,train,3.842488653049092,6.715523446275108,5.7095770835876465,0.9913886189460754
260,NNLS,test,15.693082147653206,27.86691830755125,22.422100473681006,0.8676807360542956
260,NNLS,train,24.22932669366489,42.34563226872516,34.61394185665046,0.6576031628984045
260,LINEAR,test,20.305817677489678,36.057962168461316,29.186113357543945,0.7784623503684998
260,LINEAR,train,21.001908785074203,36.70506892734214,29.76894187927246,0.7427445650100708
260,XGB,test,24.665437336281457,43.79953668776075,32.9005241394043,0.6731231212615967
260,XGB,train,5.290130961112755,9.245570178854786,7.836369037628174,0.9836777448654175
270,NNLS,test,15.783315308209028,28.027149426599927,22.06920278388174,0.866154724681992
270,NNLS,train,23.902876939882695,41.77509552196979,34.03875916422273,0.6667674596453282
270,LINEAR,test,20.410541266265913,36.243924598648256,29.309307098388672,0.7761713862419128
270,LINEAR,train,20.900553443490814,36.527930037870505,29.657197952270508,0.7452216148376465
270,XGB,test,27.448834736310136,48.74214179453699,36.56745147705078,0.5951870679855347
270,XGB,train,7.887644189394688,13.785248122391502,11.297118186950684,0.9637137651443481
280,NNLS,test,15.739792045329573,27.949863193103646,21.93057733798269,0.8668918766807983
280,NNLS,train,23.98146095029106,41.91243692022764,34.3663352195793,0.6645727618469026
280,LINEAR,test,20.426420735286392,36.272122492586334,29.388301849365234,0.7758229970932007
280,LINEAR,train,20.885865025650062,36.50225906696992,29.6483097076416,0.7455796003341675
280,XGB,test,27.221042917399352,48.33764152180601,36.60765838623047,0.6018780469894409
280,XGB,train,7.907105576840512,13.819260819757769,11.378315925598145,0.9635344743728638
290,NNLS,test,16.008100904319754,28.42631141304684,22.92088371654345,0.8623151339572449
290,NNLS,train,24.08848953967358,42.09949095377689,34.75386658216748,0.6615720760053563
290,LINEAR,test,20.57154419596375,36.52982480913285,29.492862701416016,0.7726262211799622
290,LINEAR,train,20.81118247470438,36.37173625553484,29.585739135742188,0.7473958134651184
290,XGB,test,27.038703409812552,48.01385298145734,35.563140869140625,0.6071938276290894
290,XGB,train,3.658743954946808,6.394392549179167,5.472268581390381,0.9921925067901611
300,NNLS,test,15.915880088413894,28.262550724169756,22.140559071844503,0.8638969376457145
300,NNLS,train,24.26604916201757,42.409812184268134,34.505643735141206,0.6565644889293879
300,LINEAR,test,20.58757495615408,36.55829135766861,29.48857307434082,0.7722717523574829
300,LINEAR,train,20.760844141866247,36.283759872272746,29.52655601501465,0.7486163377761841
300,XGB,test,26.179318673055878,46.48780449533915,34.856319427490234,0.6317665576934814
300,XGB,train,3.6412182909238076,6.363762918675351,5.486535549163818,0.9922671318054199
